PROJECT,STATION_NO,LATITUDE,LONGITUDE,SAMPLE_DATE,PROJECT_NAME,CELLS_L
SP198016,333,-33,152,5/11/1980 0:00,"East Australian Current and eddy studies (""Courageous""   ""Sprightly"")  1978-1984",
SP198016,334,-32.21667,152.66667,5/11/1980 0:00,"East Australian Current and eddy studies (""Courageous""   ""Sprightly"")  1978-1984",
SP198016,335,-32.25,153.81667,6/11/1980 0:00,"East Australian Current and eddy studies (""Courageous""   ""Sprightly"")  1978-1984",
SP198016,336,-32.2,153.16667,7/11/1980 0:00,"East Australian Current and eddy studies (""Courageous""   ""Sprightly"")  1978-1984",
SP198016,337,-24.1,152.85,9/11/1980 0:00,"East Australian Current and eddy studies (""Courageous""   ""Sprightly"")  1978-1984",
SP198016,338,-24.01667,153.11667,10/11/1980 0:00,"East Australian Current and eddy studies (""Courageous""   ""Sprightly"")  1978-1984",
SP198016,339,-23.85,153.66667,10/11/1980 0:00,"East Australian Current and eddy studies (""Courageous""   ""Sprightly"")  1978-1984",
SP198016,340,-23.53333,154.88333,10/11/1980 0:00,"East Australian Current and eddy studies (""Courageous""   ""Sprightly"")  1978-1984",
SP198016,341,-23.26667,155.3,10/11/1980 0:00,"East Australian Current and eddy studies (""Courageous""   ""Sprightly"")  1978-1984",
SP198016,342,-21.08333,152.81667,12/11/1980 0:00,"East Australian Current and eddy studies (""Courageous""   ""Sprightly"")  1978-1984",
SP198016,343,-20.83333,153.11667,12/11/1980 0:00,"East Australian Current and eddy studies (""Courageous""   ""Sprightly"")  1978-1984",
SP198016,344,-20.4,153.5,12/11/1980 0:00,"East Australian Current and eddy studies (""Courageous""   ""Sprightly"")  1978-1984",
SP198016,345,-19.43333,154.43333,12/11/1980 0:00,"East Australian Current and eddy studies (""Courageous""   ""Sprightly"")  1978-1984",
SP198016,346,-20.55,151.2,13/11/1980 0:00,"East Australian Current and eddy studies (""Courageous""   ""Sprightly"")  1978-1984",
SP198016,347,-19.81667,151.35,14/11/1980 0:00,"East Australian Current and eddy studies (""Courageous""   ""Sprightly"")  1978-1984",
SP198016,348,-18.95,151.58333,14/11/1980 0:00,"East Australian Current and eddy studies (""Courageous""   ""Sprightly"")  1978-1984",
SP198016,349,-18.53333,151.6,14/11/1980 0:00,"East Australian Current and eddy studies (""Courageous""   ""Sprightly"")  1978-1984",
SP198016,350,-18.11667,151.7,14/11/1980 0:00,"East Australian Current and eddy studies (""Courageous""   ""Sprightly"")  1978-1984",
SP198016,351,-17.53333,151.81667,15/11/1980 0:00,"East Australian Current and eddy studies (""Courageous""   ""Sprightly"")  1978-1984",
SP198016,352,-17.98333,150.53333,15/11/1980 0:00,"East Australian Current and eddy studies (""Courageous""   ""Sprightly"")  1978-1984",
SP198016,353,-18.26667,150.08333,15/11/1980 0:00,"East Australian Current and eddy studies (""Courageous""   ""Sprightly"")  1978-1984",
SP198016,354,-18.56667,149.66667,15/11/1980 0:00,"East Australian Current and eddy studies (""Courageous""   ""Sprightly"")  1978-1984",
SP198016,355,-18.9,149.23333,16/11/1980 0:00,"East Australian Current and eddy studies (""Courageous""   ""Sprightly"")  1978-1984",
SP198016,356,-19.05,149.05,16/11/1980 0:00,"East Australian Current and eddy studies (""Courageous""   ""Sprightly"")  1978-1984",
SP198016,357,-17.75,148.25,16/11/1980 0:00,"East Australian Current and eddy studies (""Courageous""   ""Sprightly"")  1978-1984",
SP198016,358,-17.95,147.86667,16/11/1980 0:00,"East Australian Current and eddy studies (""Courageous""   ""Sprightly"")  1978-1984",
SP198016,359,-18.1,147.58333,17/11/1980 0:00,"East Australian Current and eddy studies (""Courageous""   ""Sprightly"")  1978-1984",
SP198016,360,-18.2,147.45,17/11/1980 0:00,"East Australian Current and eddy studies (""Courageous""   ""Sprightly"")  1978-1984",
SP198016,361,-18.23333,147.36667,17/11/1980 0:00,"East Australian Current and eddy studies (""Courageous""   ""Sprightly"")  1978-1984",
SP198016,362,-15.53333,147.03333,18/11/1980 0:00,"East Australian Current and eddy studies (""Courageous""   ""Sprightly"")  1978-1984",
SP198016,363,-15.65,145.98333,18/11/1980 0:00,"East Australian Current and eddy studies (""Courageous""   ""Sprightly"")  1978-1984",
SP198016,364,-15.66667,145.83333,18/11/1980 0:00,"East Australian Current and eddy studies (""Courageous""   ""Sprightly"")  1978-1984",
SP198105,119,-34.08333,151.26667,29/04/1981 0:00,Zooplankton Biology and Ecology Project 1981-1987,
SP198105,120,-35.08333,150.9,29/04/1981 0:00,Zooplankton Biology and Ecology Project 1981-1987,
SP198105,121,-35.1,151.16667,30/04/1981 0:00,Zooplankton Biology and Ecology Project 1981-1987,
SP198105,122,-35.66667,150.43333,30/04/1981 0:00,Zooplankton Biology and Ecology Project 1981-1987,
SP198105,123,-35.75,151.75,30/04/1981 0:00,Zooplankton Biology and Ecology Project 1981-1987,
SP198105,124,-35.76667,151.75,1/05/1981 0:00,Zooplankton Biology and Ecology Project 1981-1987,
SP198105,125,-35.8,151.75,1/05/1981 0:00,Zooplankton Biology and Ecology Project 1981-1987,
SP198105,126,-35.7,151.5,1/05/1981 0:00,Zooplankton Biology and Ecology Project 1981-1987,
SP198105,127,-35.71667,150.65,2/05/1981 0:00,Zooplankton Biology and Ecology Project 1981-1987,
SP198105,128,-35.81667,150.81667,2/05/1981 0:00,Zooplankton Biology and Ecology Project 1981-1987,
SP198105,129,-35.63333,151.83333,2/05/1981 0:00,Zooplankton Biology and Ecology Project 1981-1987,
SP198105,130,-35.61667,151.98333,3/05/1981 0:00,Zooplankton Biology and Ecology Project 1981-1987,
SP198105,131,-35.66667,151.05,3/05/1981 0:00,Zooplankton Biology and Ecology Project 1981-1987,
SP198105,132,-35.81667,150.93333,4/05/1981 0:00,Zooplankton Biology and Ecology Project 1981-1987,
SP198105,133,-35.85,150.65,4/05/1981 0:00,Zooplankton Biology and Ecology Project 1981-1987,
SP198105,134,-36.63333,151.71667,5/05/1981 0:00,Zooplankton Biology and Ecology Project 1981-1987,
SP198105,135,-36.8,151.88333,5/05/1981 0:00,Zooplankton Biology and Ecology Project 1981-1987,
SP198105,136,-36.28333,151.86667,5/05/1981 0:00,Zooplankton Biology and Ecology Project 1981-1987,
SP198105,137,-36.03333,151.81667,6/05/1981 0:00,Zooplankton Biology and Ecology Project 1981-1987,
SP198105,138,-35.73333,151.68333,6/05/1981 0:00,Zooplankton Biology and Ecology Project 1981-1987,
SP198105,139,-35.93333,152.18333,6/05/1981 0:00,Zooplankton Biology and Ecology Project 1981-1987,
SP198105,140,-35.86667,152.21667,7/05/1981 0:00,Zooplankton Biology and Ecology Project 1981-1987,
SP198105,141,-35.83333,152.16667,7/05/1981 0:00,Zooplankton Biology and Ecology Project 1981-1987,
SP198105,142,-35.31667,151.85,7/05/1981 0:00,Zooplankton Biology and Ecology Project 1981-1987,
SP198105,143,-35.33333,151.66667,8/05/1981 0:00,Zooplankton Biology and Ecology Project 1981-1987,
SP198105,144,-35.45,151.4,8/05/1981 0:00,Zooplankton Biology and Ecology Project 1981-1987,
SP198105,145,-35.65,151.33333,8/05/1981 0:00,Zooplankton Biology and Ecology Project 1981-1987,
SP198105,146,-35.71667,151.5,9/05/1981 0:00,Zooplankton Biology and Ecology Project 1981-1987,
SP198105,147,-36.36667,150.26667,9/05/1981 0:00,Zooplankton Biology and Ecology Project 1981-1987,
SP198105,148,-36.21667,150.38333,10/05/1981 0:00,Zooplankton Biology and Ecology Project 1981-1987,
SP198105,149,-36.01667,150.46667,10/05/1981 0:00,Zooplankton Biology and Ecology Project 1981-1987,
SP198105,150,-34.7,151.25,10/05/1981 0:00,Zooplankton Biology and Ecology Project 1981-1987,
SP198105,151,-34.5,151.35,11/05/1981 0:00,Zooplankton Biology and Ecology Project 1981-1987,
SP198105,152,-34.26667,151.53333,11/05/1981 0:00,Zooplankton Biology and Ecology Project 1981-1987,
SP198105,153,-34.05,151.65,11/05/1981 0:00,Zooplankton Biology and Ecology Project 1981-1987,
SP198111,440,-34.08333,151.2,9/10/1981 0:00,Zooplankton Biology and Ecology Project 1981-1987,
SP198111,441,-34.06667,151.21667,9/10/1981 0:00,Zooplankton Biology and Ecology Project 1981-1987,
SP198111,442,-34.08333,151.26667,9/10/1981 0:00,Zooplankton Biology and Ecology Project 1981-1987,
SP198111,443,-34.06667,151.4,9/10/1981 0:00,Zooplankton Biology and Ecology Project 1981-1987,
SP198111,444,-34.06667,151.51667,9/10/1981 0:00,Zooplankton Biology and Ecology Project 1981-1987,
SP198111,445,-34.15,151.15,9/10/1981 0:00,Zooplankton Biology and Ecology Project 1981-1987,
SP198111,446,-34.08333,151.31667,10/10/1981 0:00,Zooplankton Biology and Ecology Project 1981-1987,
SP198111,447,-32.45,152.63333,11/10/1981 0:00,Zooplankton Biology and Ecology Project 1981-1987,
SP198111,448,-32.55,153.05,11/10/1981 0:00,Zooplankton Biology and Ecology Project 1981-1987,
SP198111,449,-32.45,152.71667,11/10/1981 0:00,Zooplankton Biology and Ecology Project 1981-1987,
SP198111,450,-32.45,152.8,12/10/1981 0:00,Zooplankton Biology and Ecology Project 1981-1987,
SP198111,451,-32.55,152.93333,12/10/1981 0:00,Zooplankton Biology and Ecology Project 1981-1987,
SP198111,452,-32.81667,152.88333,12/10/1981 0:00,Zooplankton Biology and Ecology Project 1981-1987,
SP198111,453,-32.56667,152.35,12/10/1981 0:00,Zooplankton Biology and Ecology Project 1981-1987,
SP198111,454,-32.56667,152.41667,12/10/1981 0:00,Zooplankton Biology and Ecology Project 1981-1987,
SP198111,455,-32.6,152.48333,13/10/1981 0:00,Zooplankton Biology and Ecology Project 1981-1987,
SP198111,456,-32.65,152.53333,13/10/1981 0:00,Zooplankton Biology and Ecology Project 1981-1987,
SP198111,457,-32.81667,152.85,13/10/1981 0:00,Zooplankton Biology and Ecology Project 1981-1987,
SP198111,458,-32.85,152,13/10/1981 0:00,Zooplankton Biology and Ecology Project 1981-1987,
SP198111,459,-32.91667,152.15,14/10/1981 0:00,Zooplankton Biology and Ecology Project 1981-1987,
SP198111,460,-33.08333,152.41667,14/10/1981 0:00,Zooplankton Biology and Ecology Project 1981-1987,
SP198111,461,-33.11667,152.53333,14/10/1981 0:00,Zooplankton Biology and Ecology Project 1981-1987,
SP198111,462,-32.23333,152.58333,14/10/1981 0:00,Zooplankton Biology and Ecology Project 1981-1987,
SP198111,463,-32.23333,152.98333,15/10/1981 0:00,Zooplankton Biology and Ecology Project 1981-1987,
SP198111,464,-32.21667,152.75,15/10/1981 0:00,Zooplankton Biology and Ecology Project 1981-1987,
SP198111,465,-31.98333,152.76667,15/10/1981 0:00,Zooplankton Biology and Ecology Project 1981-1987,
SP198111,466,-31.03333,153.08333,15/10/1981 0:00,Zooplankton Biology and Ecology Project 1981-1987,
SP198111,467,-31.01667,153.15,16/10/1981 0:00,Zooplankton Biology and Ecology Project 1981-1987,
SP198111,468,-30.96667,153.23333,16/10/1981 0:00,Zooplankton Biology and Ecology Project 1981-1987,
SP198111,469,-31.26667,153.08333,16/10/1981 0:00,Zooplankton Biology and Ecology Project 1981-1987,
SP198111,470,-31.63333,152.91667,16/10/1981 0:00,Zooplankton Biology and Ecology Project 1981-1987,
SP198111,471,-31.65,153.01667,16/10/1981 0:00,Zooplankton Biology and Ecology Project 1981-1987,
SP198111,472,-31.73333,153.1,17/10/1981 0:00,Zooplankton Biology and Ecology Project 1981-1987,
SP198111,473,-31.75,153.25,17/10/1981 0:00,Zooplankton Biology and Ecology Project 1981-1987,
SP198111,474,-32.21667,152.78333,17/10/1981 0:00,Zooplankton Biology and Ecology Project 1981-1987,
SP198111,475,-32.61667,152.53333,17/10/1981 0:00,Zooplankton Biology and Ecology Project 1981-1987,
SP198111,476,-32.91667,152.15,17/10/1981 0:00,Zooplankton Biology and Ecology Project 1981-1987,
SP198111,477,-33.15,151.95,18/10/1981 0:00,Zooplankton Biology and Ecology Project 1981-1987,
SP198111,478,-34.05,151.3,18/10/1981 0:00,Zooplankton Biology and Ecology Project 1981-1987,
SP198111,479,-35.31667,150.9,18/10/1981 0:00,Zooplankton Biology and Ecology Project 1981-1987,
SP198111,480,-35.3,150.81667,18/10/1981 0:00,Zooplankton Biology and Ecology Project 1981-1987,
SP198111,481,-35.28333,150.68333,19/10/1981 0:00,Zooplankton Biology and Ecology Project 1981-1987,
SP198111,482,-35.26667,150.6,19/10/1981 0:00,Zooplankton Biology and Ecology Project 1981-1987,
SP198111,483,-34.61667,151.16667,19/10/1981 0:00,Zooplankton Biology and Ecology Project 1981-1987,
SP198111,484,-34.58333,151.06667,19/10/1981 0:00,Zooplankton Biology and Ecology Project 1981-1987,
SP198111,485,-34.53333,151.03333,19/10/1981 0:00,Zooplankton Biology and Ecology Project 1981-1987,
SP198111,486,-34.11667,151.2,19/10/1981 0:00,Zooplankton Biology and Ecology Project 1981-1987,
SP198111,487,-34.08333,151.25,19/10/1981 0:00,Zooplankton Biology and Ecology Project 1981-1987,
SP198111,488,-34.06667,151.56667,20/10/1981 0:00,Zooplankton Biology and Ecology Project 1981-1987,
SP198203A,151,-32.31667,153.3,4/03/1982 0:00,AUROREX - investigation of Australian shelf and oceanic boundary currents.,
SP198203A,152,-32.26667,153.63333,5/03/1982 0:00,AUROREX - investigation of Australian shelf and oceanic boundary currents.,
SP198203A,153,-31.13333,155.01667,5/03/1982 0:00,AUROREX - investigation of Australian shelf and oceanic boundary currents.,
SP198203A,154,-30,155.06667,6/03/1982 0:00,AUROREX - investigation of Australian shelf and oceanic boundary currents.,
SP198203A,155,-28,154.93333,6/03/1982 0:00,AUROREX - investigation of Australian shelf and oceanic boundary currents.,
SP198203A,156,-25.96667,154.91667,7/03/1982 0:00,AUROREX - investigation of Australian shelf and oceanic boundary currents.,
SP198203A,157,-23.81667,154.86667,8/03/1982 0:00,AUROREX - investigation of Australian shelf and oceanic boundary currents.,
SP198203A,158,-21.46667,154.96667,8/03/1982 0:00,AUROREX - investigation of Australian shelf and oceanic boundary currents.,
SP198203A,159,-21.3,154.05,9/03/1982 0:00,AUROREX - investigation of Australian shelf and oceanic boundary currents.,
SP198203A,160,-21.21667,153.53333,9/03/1982 0:00,AUROREX - investigation of Australian shelf and oceanic boundary currents.,
SP198203A,161,-21.08333,152.83333,9/03/1982 0:00,AUROREX - investigation of Australian shelf and oceanic boundary currents.,
SP198203A,162,-18.58333,150.13333,10/03/1982 0:00,AUROREX - investigation of Australian shelf and oceanic boundary currents.,
SP198203A,163,-18.18333,149.58333,10/03/1982 0:00,AUROREX - investigation of Australian shelf and oceanic boundary currents.,
SP198203A,164,-18.25,149.53333,10/03/1982 0:00,AUROREX - investigation of Australian shelf and oceanic boundary currents.,
SP198203A,165,-18.33333,149.5,10/03/1982 0:00,AUROREX - investigation of Australian shelf and oceanic boundary currents.,
SP198203A,166,-18.38333,149.46667,10/03/1982 0:00,AUROREX - investigation of Australian shelf and oceanic boundary currents.,
SP198203A,167,-18.5,149.36667,10/03/1982 0:00,AUROREX - investigation of Australian shelf and oceanic boundary currents.,
SP198203A,168,-18.38333,149.35,11/03/1982 0:00,AUROREX - investigation of Australian shelf and oceanic boundary currents.,
SP198203A,169,-18.85,149.18333,11/03/1982 0:00,AUROREX - investigation of Australian shelf and oceanic boundary currents.,
SP198203A,170,-17.61667,148.28333,11/03/1982 0:00,AUROREX - investigation of Australian shelf and oceanic boundary currents.,
SP198203A,171,-17.68333,148.15,11/03/1982 0:00,AUROREX - investigation of Australian shelf and oceanic boundary currents.,
SP198203A,172,-17.75,148.03333,11/03/1982 0:00,AUROREX - investigation of Australian shelf and oceanic boundary currents.,
SP198203A,173,-17.81667,147.91667,11/03/1982 0:00,AUROREX - investigation of Australian shelf and oceanic boundary currents.,
SP198203A,174,-17.88333,147.8,11/03/1982 0:00,AUROREX - investigation of Australian shelf and oceanic boundary currents.,
SP198203A,175,-17.9,147.73333,12/03/1982 0:00,AUROREX - investigation of Australian shelf and oceanic boundary currents.,
SP198203A,176,-17.96667,147.58333,12/03/1982 0:00,AUROREX - investigation of Australian shelf and oceanic boundary currents.,
SP198203A,177,-18.01667,147.46667,12/03/1982 0:00,AUROREX - investigation of Australian shelf and oceanic boundary currents.,
SP198203A,178,-18.06667,147.3,12/03/1982 0:00,AUROREX - investigation of Australian shelf and oceanic boundary currents.,
SP198203A,179,-18.13333,147.3,12/03/1982 0:00,AUROREX - investigation of Australian shelf and oceanic boundary currents.,
SP198203A,180,-18.23333,147.1,12/03/1982 0:00,AUROREX - investigation of Australian shelf and oceanic boundary currents.,
SP198203A,181,-15.68333,146.96667,13/03/1982 0:00,AUROREX - investigation of Australian shelf and oceanic boundary currents.,
SP198203A,182,-15.65,146.86667,13/03/1982 0:00,AUROREX - investigation of Australian shelf and oceanic boundary currents.,
SP198203A,183,-15.63333,146.63333,13/03/1982 0:00,AUROREX - investigation of Australian shelf and oceanic boundary currents.,
SP198203A,184,-15.63333,146.46667,13/03/1982 0:00,AUROREX - investigation of Australian shelf and oceanic boundary currents.,
SP198203A,185,-15.63333,146.3,13/03/1982 0:00,AUROREX - investigation of Australian shelf and oceanic boundary currents.,
SP198203A,186,-15.6,146.06667,13/03/1982 0:00,AUROREX - investigation of Australian shelf and oceanic boundary currents.,
SP198203A,187,-15.65,145.86667,13/03/1982 0:00,AUROREX - investigation of Australian shelf and oceanic boundary currents.,
SP198203A,188,-15.66667,145.83333,14/03/1982 0:00,AUROREX - investigation of Australian shelf and oceanic boundary currents.,
SP198203A,189,-15.7,145.73333,14/03/1982 0:00,AUROREX - investigation of Australian shelf and oceanic boundary currents.,
SP198203A,190,-15.53333,145.4,14/03/1982 0:00,AUROREX - investigation of Australian shelf and oceanic boundary currents.,
SP198203A,191,-14.56667,145.53333,14/03/1982 0:00,AUROREX - investigation of Australian shelf and oceanic boundary currents.,
SP198203A,192,-14.56667,145.56667,14/03/1982 0:00,AUROREX - investigation of Australian shelf and oceanic boundary currents.,
SP198203A,193,-14.46667,145.61667,14/03/1982 0:00,AUROREX - investigation of Australian shelf and oceanic boundary currents.,
SP198203A,194,-13.91667,145.76667,14/03/1982 0:00,AUROREX - investigation of Australian shelf and oceanic boundary currents.,
SP198203A,195,-13.55,145.95,14/03/1982 0:00,AUROREX - investigation of Australian shelf and oceanic boundary currents.,
SP198203A,196,-12.8,145.78333,15/03/1982 0:00,AUROREX - investigation of Australian shelf and oceanic boundary currents.,
SP198203A,197,-12.85,144.83333,15/03/1982 0:00,AUROREX - investigation of Australian shelf and oceanic boundary currents.,
SP198203A,198,-13,144.05,15/03/1982 0:00,AUROREX - investigation of Australian shelf and oceanic boundary currents.,
SP198203A,199,-13.08333,143.85,15/03/1982 0:00,AUROREX - investigation of Australian shelf and oceanic boundary currents.,
SP198203A,200,-11.03333,142.85,17/03/1982 0:00,AUROREX - investigation of Australian shelf and oceanic boundary currents.,
SP198203A,201,-11.15,140.95,17/03/1982 0:00,AUROREX - investigation of Australian shelf and oceanic boundary currents.,
SP198203A,202,-11.8,140.68333,17/03/1982 0:00,AUROREX - investigation of Australian shelf and oceanic boundary currents.,
SP198203A,203,-12.35,141.2,17/03/1982 0:00,AUROREX - investigation of Australian shelf and oceanic boundary currents.,
SP198203A,204,-12.38333,141.1,18/03/1982 0:00,AUROREX - investigation of Australian shelf and oceanic boundary currents.,
SP198203B,205,-12.5,141.58333,19/03/1982 0:00,AUROREX - investigation of Australian shelf and oceanic boundary currents.,
SP198203B,206,-12.55,140.01667,19/03/1982 0:00,AUROREX - investigation of Australian shelf and oceanic boundary currents.,
SP198203B,205,-12.5,141.58333,19/03/1982 0:00,AUROREX - investigation of Australian shelf and oceanic boundary currents.,
SP198203B,206,-12.55,140.01667,19/03/1982 0:00,AUROREX - investigation of Australian shelf and oceanic boundary currents.,
SP198203B,207,-12.8,139.43333,20/03/1982 0:00,AUROREX - investigation of Australian shelf and oceanic boundary currents.,
SP198203B,208,-12.95,138.76667,20/03/1982 0:00,AUROREX - investigation of Australian shelf and oceanic boundary currents.,
SP198203B,207,-12.8,139.43333,20/03/1982 0:00,AUROREX - investigation of Australian shelf and oceanic boundary currents.,
SP198203B,208,-12.95,138.76667,20/03/1982 0:00,AUROREX - investigation of Australian shelf and oceanic boundary currents.,
SP198203B,209,-13.18333,138.06667,21/03/1982 0:00,AUROREX - investigation of Australian shelf and oceanic boundary currents.,
SP198203B,209,-13.18333,138.06667,21/03/1982 0:00,AUROREX - investigation of Australian shelf and oceanic boundary currents.,
SP198203B,210,-13.51667,136.8,22/03/1982 0:00,AUROREX - investigation of Australian shelf and oceanic boundary currents.,
SP198203B,210,-13.51667,136.8,22/03/1982 0:00,AUROREX - investigation of Australian shelf and oceanic boundary currents.,
SP198203B,211,-13.05,136.78333,23/03/1982 0:00,AUROREX - investigation of Australian shelf and oceanic boundary currents.,
SP198203B,211,-13.05,136.78333,23/03/1982 0:00,AUROREX - investigation of Australian shelf and oceanic boundary currents.,
SP198203B,212,-13.86667,138.33333,24/03/1982 0:00,AUROREX - investigation of Australian shelf and oceanic boundary currents.,
SP198203B,212,-13.86667,138.33333,24/03/1982 0:00,AUROREX - investigation of Australian shelf and oceanic boundary currents.,
SP198203B,213,-13.35,137.41667,25/03/1982 0:00,AUROREX - investigation of Australian shelf and oceanic boundary currents.,
SP198203B,214,-13.06667,137.31667,25/03/1982 0:00,AUROREX - investigation of Australian shelf and oceanic boundary currents.,
SP198203B,215,-13.18333,138.06667,25/03/1982 0:00,AUROREX - investigation of Australian shelf and oceanic boundary currents.,
SP198203B,216,-12.61667,137.73333,25/03/1982 0:00,AUROREX - investigation of Australian shelf and oceanic boundary currents.,
SP198203B,217,-12.08333,137.35,25/03/1982 0:00,AUROREX - investigation of Australian shelf and oceanic boundary currents.,
SP198203B,213,-13.35,137.41667,25/03/1982 0:00,AUROREX - investigation of Australian shelf and oceanic boundary currents.,
SP198203B,214,-13.06667,137.31667,25/03/1982 0:00,AUROREX - investigation of Australian shelf and oceanic boundary currents.,
SP198203B,215,-13.18333,138.06667,25/03/1982 0:00,AUROREX - investigation of Australian shelf and oceanic boundary currents.,
SP198203B,216,-12.61667,137.73333,25/03/1982 0:00,AUROREX - investigation of Australian shelf and oceanic boundary currents.,
SP198203B,217,-12.08333,137.35,25/03/1982 0:00,AUROREX - investigation of Australian shelf and oceanic boundary currents.,
SP198203B,218,-11.53333,137.05,26/03/1982 0:00,AUROREX - investigation of Australian shelf and oceanic boundary currents.,
SP198203B,219,-10.93333,137.28333,26/03/1982 0:00,AUROREX - investigation of Australian shelf and oceanic boundary currents.,
SP198203B,220,-10.36667,137.45,26/03/1982 0:00,AUROREX - investigation of Australian shelf and oceanic boundary currents.,
SP198203B,218,-11.53333,137.05,26/03/1982 0:00,AUROREX - investigation of Australian shelf and oceanic boundary currents.,
SP198203B,219,-10.93333,137.28333,26/03/1982 0:00,AUROREX - investigation of Australian shelf and oceanic boundary currents.,
SP198203B,220,-10.36667,137.45,26/03/1982 0:00,AUROREX - investigation of Australian shelf and oceanic boundary currents.,
SP198203B,221,-9.78333,137.63333,27/03/1982 0:00,AUROREX - investigation of Australian shelf and oceanic boundary currents.,
SP198203B,222,-9.76667,136.73333,27/03/1982 0:00,AUROREX - investigation of Australian shelf and oceanic boundary currents.,
SP198203B,223,-9.75,135.76667,27/03/1982 0:00,AUROREX - investigation of Australian shelf and oceanic boundary currents.,
SP198203B,221,-9.78333,137.63333,27/03/1982 0:00,AUROREX - investigation of Australian shelf and oceanic boundary currents.,
SP198203B,222,-9.76667,136.73333,27/03/1982 0:00,AUROREX - investigation of Australian shelf and oceanic boundary currents.,
SP198203B,223,-9.75,135.76667,27/03/1982 0:00,AUROREX - investigation of Australian shelf and oceanic boundary currents.,
SP198203B,224,-9.91667,135.6,28/03/1982 0:00,AUROREX - investigation of Australian shelf and oceanic boundary currents.,
SP198203B,225,-10.05,135.4,28/03/1982 0:00,AUROREX - investigation of Australian shelf and oceanic boundary currents.,
SP198203B,226,-10.33333,134.26667,28/03/1982 0:00,AUROREX - investigation of Australian shelf and oceanic boundary currents.,
SP198203B,227,-10.56667,133.05,28/03/1982 0:00,AUROREX - investigation of Australian shelf and oceanic boundary currents.,
SP198203B,224,-9.91667,135.6,28/03/1982 0:00,AUROREX - investigation of Australian shelf and oceanic boundary currents.,
SP198203B,225,-10.05,135.4,28/03/1982 0:00,AUROREX - investigation of Australian shelf and oceanic boundary currents.,
SP198203B,226,-10.33333,134.26667,28/03/1982 0:00,AUROREX - investigation of Australian shelf and oceanic boundary currents.,
SP198203B,227,-10.56667,133.05,28/03/1982 0:00,AUROREX - investigation of Australian shelf and oceanic boundary currents.,
SP198203B,228,-10.9,131.98333,29/03/1982 0:00,AUROREX - investigation of Australian shelf and oceanic boundary currents.,
SP198203B,228,-10.9,131.98333,29/03/1982 0:00,AUROREX - investigation of Australian shelf and oceanic boundary currents.,
SP198204,229,-12.16667,129.65,22/04/1982 0:00,AUROREX - investigation of Australian shelf and oceanic boundary currents.,
SP198204,230,-12.08333,129.11667,22/04/1982 0:00,AUROREX - investigation of Australian shelf and oceanic boundary currents.,
SP198204,231,-11.95,128.61667,22/04/1982 0:00,AUROREX - investigation of Australian shelf and oceanic boundary currents.,
SP198204,232,-11.86667,128.11667,22/04/1982 0:00,AUROREX - investigation of Australian shelf and oceanic boundary currents.,
SP198204,233,-11.78333,127.63333,22/04/1982 0:00,AUROREX - investigation of Australian shelf and oceanic boundary currents.,
SP198204,234,-11.7,126.96667,23/04/1982 0:00,AUROREX - investigation of Australian shelf and oceanic boundary currents.,
SP198204,235,-11.65,126.5,23/04/1982 0:00,AUROREX - investigation of Australian shelf and oceanic boundary currents.,
SP198204,236,-11.61667,125.98333,23/04/1982 0:00,AUROREX - investigation of Australian shelf and oceanic boundary currents.,
SP198204,237,-11.56667,125.51667,23/04/1982 0:00,AUROREX - investigation of Australian shelf and oceanic boundary currents.,
SP198204,238,-11.48333,124.56667,23/04/1982 0:00,AUROREX - investigation of Australian shelf and oceanic boundary currents.,
SP198204,239,-11.53333,124.06667,24/04/1982 0:00,AUROREX - investigation of Australian shelf and oceanic boundary currents.,
SP198204,240,-11.56667,123.46667,24/04/1982 0:00,AUROREX - investigation of Australian shelf and oceanic boundary currents.,
SP198204,241,-11.6,123.16667,24/04/1982 0:00,AUROREX - investigation of Australian shelf and oceanic boundary currents.,
SP198204,242,-11.63333,122.88333,24/04/1982 0:00,AUROREX - investigation of Australian shelf and oceanic boundary currents.,
SP198204,243,-11.66667,122.65,24/04/1982 0:00,AUROREX - investigation of Australian shelf and oceanic boundary currents.,
SP198204,244,-11.65,122.01667,24/04/1982 0:00,AUROREX - investigation of Australian shelf and oceanic boundary currents.,
SP198204,245,-11.85,122.31667,24/04/1982 0:00,AUROREX - investigation of Australian shelf and oceanic boundary currents.,
SP198204,246,-11.98333,122.5,25/04/1982 0:00,AUROREX - investigation of Australian shelf and oceanic boundary currents.,
SP198204,247,-12.18333,122.73333,25/04/1982 0:00,AUROREX - investigation of Australian shelf and oceanic boundary currents.,
SP198204,248,-12.23333,122.9,25/04/1982 0:00,AUROREX - investigation of Australian shelf and oceanic boundary currents.,
SP198204,249,-12.3,122.61667,25/04/1982 0:00,AUROREX - investigation of Australian shelf and oceanic boundary currents.,
SP198204,250,-12.3,122.46667,25/04/1982 0:00,AUROREX - investigation of Australian shelf and oceanic boundary currents.,
SP198204,251,-12.35,121.98333,25/04/1982 0:00,AUROREX - investigation of Australian shelf and oceanic boundary currents.,
SP198204,252,-12.4,121.41667,25/04/1982 0:00,AUROREX - investigation of Australian shelf and oceanic boundary currents.,
SP198204,253,-12.5,120.93333,26/04/1982 0:00,AUROREX - investigation of Australian shelf and oceanic boundary currents.,
SP198204,254,-12.88333,121.33333,26/04/1982 0:00,AUROREX - investigation of Australian shelf and oceanic boundary currents.,
SP198204,255,-13.16667,121.68333,26/04/1982 0:00,AUROREX - investigation of Australian shelf and oceanic boundary currents.,
SP198204,256,-13.53333,122.1,26/04/1982 0:00,AUROREX - investigation of Australian shelf and oceanic boundary currents.,
SP198204,257,-13.83333,122.46667,26/04/1982 0:00,AUROREX - investigation of Australian shelf and oceanic boundary currents.,
SP198204,258,-14.03333,122.68333,26/04/1982 0:00,AUROREX - investigation of Australian shelf and oceanic boundary currents.,
SP198204,259,-14.2,122.86667,26/04/1982 0:00,AUROREX - investigation of Australian shelf and oceanic boundary currents.,
SP198204,260,-14.4,123.08333,27/04/1982 0:00,AUROREX - investigation of Australian shelf and oceanic boundary currents.,
SP198204,261,-14.8,123.53333,27/04/1982 0:00,AUROREX - investigation of Australian shelf and oceanic boundary currents.,
SP198204,262,-14.95,123.73333,27/04/1982 0:00,AUROREX - investigation of Australian shelf and oceanic boundary currents.,
SP198204,263,-15.35,124.15,27/04/1982 0:00,AUROREX - investigation of Australian shelf and oceanic boundary currents.,
SP198204,264,-15.65,123.9,27/04/1982 0:00,AUROREX - investigation of Australian shelf and oceanic boundary currents.,
SP198204,265,-15.98333,123.33333,27/04/1982 0:00,AUROREX - investigation of Australian shelf and oceanic boundary currents.,
SP198204,266,-16.33333,123.16667,28/04/1982 0:00,AUROREX - investigation of Australian shelf and oceanic boundary currents.,
SP198204,267,-15.96667,122.66667,28/04/1982 0:00,AUROREX - investigation of Australian shelf and oceanic boundary currents.,
SP198204,268,-15.68333,122.23333,28/04/1982 0:00,AUROREX - investigation of Australian shelf and oceanic boundary currents.,
SP198204,269,-15.45,121.7,28/04/1982 0:00,AUROREX - investigation of Australian shelf and oceanic boundary currents.,
SP198204,270,-15.31667,121.46667,28/04/1982 0:00,AUROREX - investigation of Australian shelf and oceanic boundary currents.,
SP198204,271,-15.13333,121.26667,28/04/1982 0:00,AUROREX - investigation of Australian shelf and oceanic boundary currents.,
SP198204,272,-15,121.06667,28/04/1982 0:00,AUROREX - investigation of Australian shelf and oceanic boundary currents.,
SP198204,273,-14.7,120.63333,29/04/1982 0:00,AUROREX - investigation of Australian shelf and oceanic boundary currents.,
SP198204,274,-14.38333,120.26667,29/04/1982 0:00,AUROREX - investigation of Australian shelf and oceanic boundary currents.,
SP198204,275,-14.85,119.68333,29/04/1982 0:00,AUROREX - investigation of Australian shelf and oceanic boundary currents.,
SP198204,276,-15.35,119.03333,29/04/1982 0:00,AUROREX - investigation of Australian shelf and oceanic boundary currents.,
SP198204,277,-15.63333,119.4,30/04/1982 0:00,AUROREX - investigation of Australian shelf and oceanic boundary currents.,
SP198204,278,-16.15,120.13333,30/04/1982 0:00,AUROREX - investigation of Australian shelf and oceanic boundary currents.,
SP198204,279,-16.36667,120.43333,30/04/1982 0:00,AUROREX - investigation of Australian shelf and oceanic boundary currents.,
SP198204,280,-16.53333,120.81667,30/04/1982 0:00,AUROREX - investigation of Australian shelf and oceanic boundary currents.,
SP198204,281,-16.7,121.5,30/04/1982 0:00,AUROREX - investigation of Australian shelf and oceanic boundary currents.,
SP198204,282,-16.91667,121.65,30/04/1982 0:00,AUROREX - investigation of Australian shelf and oceanic boundary currents.,
SP198204,283,-17.15,122.01667,1/05/1982 0:00,AUROREX - investigation of Australian shelf and oceanic boundary currents.,
SP198204,284,-17.36667,121.5,1/05/1982 0:00,AUROREX - investigation of Australian shelf and oceanic boundary currents.,
SP198204,285,-17.6,121.05,1/05/1982 0:00,AUROREX - investigation of Australian shelf and oceanic boundary currents.,
SP198204,286,-17.83333,120.5,1/05/1982 0:00,AUROREX - investigation of Australian shelf and oceanic boundary currents.,
SP198204,287,-18.05,120.08333,1/05/1982 0:00,AUROREX - investigation of Australian shelf and oceanic boundary currents.,
SP198204,288,-17.76667,119.71667,1/05/1982 0:00,AUROREX - investigation of Australian shelf and oceanic boundary currents.,
SP198204,289,-17.53333,119.45,1/05/1982 0:00,AUROREX - investigation of Australian shelf and oceanic boundary currents.,
SP198204,290,-17.28333,119.15,2/05/1982 0:00,AUROREX - investigation of Australian shelf and oceanic boundary currents.,
SP198204,291,-17.01667,118.81667,2/05/1982 0:00,AUROREX - investigation of Australian shelf and oceanic boundary currents.,
SP198204,292,-16.66667,118.43333,2/05/1982 0:00,AUROREX - investigation of Australian shelf and oceanic boundary currents.,
SP198204,293,-16.38333,118,2/05/1982 0:00,AUROREX - investigation of Australian shelf and oceanic boundary currents.,
SP198204,294,-16.61667,117.55,2/05/1982 0:00,AUROREX - investigation of Australian shelf and oceanic boundary currents.,
SP198204,295,-16.98333,117.18333,2/05/1982 0:00,AUROREX - investigation of Australian shelf and oceanic boundary currents.,
SP198204,296,-17.35,117.41667,3/05/1982 0:00,AUROREX - investigation of Australian shelf and oceanic boundary currents.,
SP198204,297,-17.65,117.65,3/05/1982 0:00,AUROREX - investigation of Australian shelf and oceanic boundary currents.,
SP198204,298,-18.06667,117.93333,3/05/1982 0:00,AUROREX - investigation of Australian shelf and oceanic boundary currents.,
SP198204,299,-18.3,118.1,3/05/1982 0:00,AUROREX - investigation of Australian shelf and oceanic boundary currents.,
SP198204,300,-18.45,118.23333,3/05/1982 0:00,AUROREX - investigation of Australian shelf and oceanic boundary currents.,
SP198204,301,-18.5,118.25,3/05/1982 0:00,AUROREX - investigation of Australian shelf and oceanic boundary currents.,
SP198204,302,-18.68333,118.35,3/05/1982 0:00,AUROREX - investigation of Australian shelf and oceanic boundary currents.,
SP198204,303,-18.86667,118.48333,3/05/1982 0:00,AUROREX - investigation of Australian shelf and oceanic boundary currents.,
SP198204,304,-19.26667,118.83333,4/05/1982 0:00,AUROREX - investigation of Australian shelf and oceanic boundary currents.,
SP198204,305,-19.56667,119.1,4/05/1982 0:00,AUROREX - investigation of Australian shelf and oceanic boundary currents.,
SP198204,306,-19.35,119.4,4/05/1982 0:00,AUROREX - investigation of Australian shelf and oceanic boundary currents.,
SP198204,307,-19.18333,119.88333,4/05/1982 0:00,AUROREX - investigation of Australian shelf and oceanic boundary currents.,
SP198204,308,-18.93333,120.36667,4/05/1982 0:00,AUROREX - investigation of Australian shelf and oceanic boundary currents.,
SP198205,310,-18.25,121.75,6/05/1982 0:00,AUROREX - investigation of Australian shelf and oceanic boundary currents.,
SP198205,311,-18.25,121.5,6/05/1982 0:00,AUROREX - investigation of Australian shelf and oceanic boundary currents.,
SP198205,312,-18.26667,121.01667,6/05/1982 0:00,AUROREX - investigation of Australian shelf and oceanic boundary currents.,
SP198205,313,-18.23333,120.53333,6/05/1982 0:00,AUROREX - investigation of Australian shelf and oceanic boundary currents.,
SP198205,314,-18.18333,119.95,6/05/1982 0:00,AUROREX - investigation of Australian shelf and oceanic boundary currents.,
SP198205,315,-18.21667,119.33333,6/05/1982 0:00,AUROREX - investigation of Australian shelf and oceanic boundary currents.,
SP198205,316,-18.21667,118.91667,7/05/1982 0:00,AUROREX - investigation of Australian shelf and oceanic boundary currents.,
SP198205,317,-18.2,118.33333,7/05/1982 0:00,AUROREX - investigation of Australian shelf and oceanic boundary currents.,
SP198205,318,-18.21667,118.13333,7/05/1982 0:00,AUROREX - investigation of Australian shelf and oceanic boundary currents.,
SP198205,319,-18.23333,117.95,7/05/1982 0:00,AUROREX - investigation of Australian shelf and oceanic boundary currents.,
SP198205,320,-18.21667,117.65,7/05/1982 0:00,AUROREX - investigation of Australian shelf and oceanic boundary currents.,
SP198205,321,-18.16667,117,7/05/1982 0:00,AUROREX - investigation of Australian shelf and oceanic boundary currents.,
SP198205,322,-18.18333,116.2,8/05/1982 0:00,AUROREX - investigation of Australian shelf and oceanic boundary currents.,
SP198205,323,-18.23333,115.26667,8/05/1982 0:00,AUROREX - investigation of Australian shelf and oceanic boundary currents.,
SP198205,324,-18.28333,114.28333,8/05/1982 0:00,AUROREX - investigation of Australian shelf and oceanic boundary currents.,
SP198205,325,-19.25,113.93333,9/05/1982 0:00,AUROREX - investigation of Australian shelf and oceanic boundary currents.,
SP198205,326,-20.25,113.98333,9/05/1982 0:00,AUROREX - investigation of Australian shelf and oceanic boundary currents.,
SP198205,327,-21.25,114,9/05/1982 0:00,AUROREX - investigation of Australian shelf and oceanic boundary currents.,
SP198205,328,-21.61667,113.96667,10/05/1982 0:00,AUROREX - investigation of Australian shelf and oceanic boundary currents.,
SP198205,329,-21.71667,113.98333,10/05/1982 0:00,AUROREX - investigation of Australian shelf and oceanic boundary currents.,
SP198205,330,-21.8,113.98333,10/05/1982 0:00,AUROREX - investigation of Australian shelf and oceanic boundary currents.,
SP198205,331,-22.33333,112.81667,10/05/1982 0:00,AUROREX - investigation of Australian shelf and oceanic boundary currents.,
SP198205,332,-22.51667,113.05,10/05/1982 0:00,AUROREX - investigation of Australian shelf and oceanic boundary currents.,
SP198205,333,-22.65,113.2,10/05/1982 0:00,AUROREX - investigation of Australian shelf and oceanic boundary currents.,
SP198205,334,-22.78333,113.4,10/05/1982 0:00,AUROREX - investigation of Australian shelf and oceanic boundary currents.,
SP198205,335,-22.85,113.48333,10/05/1982 0:00,AUROREX - investigation of Australian shelf and oceanic boundary currents.,
SP198205,336,-22.93333,113.6,11/05/1982 0:00,AUROREX - investigation of Australian shelf and oceanic boundary currents.,
SP198205,337,-23.03333,113.3,11/05/1982 0:00,AUROREX - investigation of Australian shelf and oceanic boundary currents.,
SP198205,338,-24,111.5,11/05/1982 0:00,AUROREX - investigation of Australian shelf and oceanic boundary currents.,
SP198205,339,-24.1,111.85,12/05/1982 0:00,AUROREX - investigation of Australian shelf and oceanic boundary currents.,
SP198205,340,-24.21667,112.23333,12/05/1982 0:00,AUROREX - investigation of Australian shelf and oceanic boundary currents.,
SP198205,341,-24.28333,112.41667,12/05/1982 0:00,AUROREX - investigation of Australian shelf and oceanic boundary currents.,
SP198205,342,-24.35,112.51667,12/05/1982 0:00,AUROREX - investigation of Australian shelf and oceanic boundary currents.,
SP198205,343,-24.4,112.6,12/05/1982 0:00,AUROREX - investigation of Australian shelf and oceanic boundary currents.,
SP198205,344,-24.46667,112.73333,12/05/1982 0:00,AUROREX - investigation of Australian shelf and oceanic boundary currents.,
SP198205,345,-24.6,113.03333,12/05/1982 0:00,AUROREX - investigation of Australian shelf and oceanic boundary currents.,
SP198205,346,-24.96667,113.36667,12/05/1982 0:00,AUROREX - investigation of Australian shelf and oceanic boundary currents.,
SP198205,347,-25.4,112.91667,13/05/1982 0:00,AUROREX - investigation of Australian shelf and oceanic boundary currents.,
SP198205,348,-25.38333,112.61667,13/05/1982 0:00,AUROREX - investigation of Australian shelf and oceanic boundary currents.,
SP198205,349,-25.4,112.21667,13/05/1982 0:00,AUROREX - investigation of Australian shelf and oceanic boundary currents.,
SP198205,350,-25.43333,112.1,13/05/1982 0:00,AUROREX - investigation of Australian shelf and oceanic boundary currents.,
SP198205,351,-25.45,111.93333,13/05/1982 0:00,AUROREX - investigation of Australian shelf and oceanic boundary currents.,
SP198205,352,-25.48333,111.66667,13/05/1982 0:00,AUROREX - investigation of Australian shelf and oceanic boundary currents.,
SP198205,353,-25.35,113,14/05/1982 0:00,AUROREX - investigation of Australian shelf and oceanic boundary currents.,
SP198205,354,-25.33333,112.75,14/05/1982 0:00,AUROREX - investigation of Australian shelf and oceanic boundary currents.,
SP198205,355,-25.33333,112.48333,14/05/1982 0:00,AUROREX - investigation of Australian shelf and oceanic boundary currents.,
SP198205,356,-25.35,112.3,15/05/1982 0:00,AUROREX - investigation of Australian shelf and oceanic boundary currents.,
SP198205,357,-25.4,112.15,15/05/1982 0:00,AUROREX - investigation of Australian shelf and oceanic boundary currents.,
SP198205,358,-26.4,112.71667,15/05/1982 0:00,AUROREX - investigation of Australian shelf and oceanic boundary currents.,
SP198205,359,-27.4,112.13333,16/05/1982 0:00,AUROREX - investigation of Australian shelf and oceanic boundary currents.,
SP198205,360,-27.38333,112.36667,16/05/1982 0:00,AUROREX - investigation of Australian shelf and oceanic boundary currents.,
SP198205,361,-27.4,112.75,16/05/1982 0:00,AUROREX - investigation of Australian shelf and oceanic boundary currents.,
SP198205,362,-27.41667,112.85,16/05/1982 0:00,AUROREX - investigation of Australian shelf and oceanic boundary currents.,
SP198205,363,-27.45,112.98333,16/05/1982 0:00,AUROREX - investigation of Australian shelf and oceanic boundary currents.,
SP198205,364,-27.45,113.08333,16/05/1982 0:00,AUROREX - investigation of Australian shelf and oceanic boundary currents.,
SP198205,365,-27.45,113.43333,16/05/1982 0:00,AUROREX - investigation of Australian shelf and oceanic boundary currents.,
SP198205,366,-27.43333,113.65,16/05/1982 0:00,AUROREX - investigation of Australian shelf and oceanic boundary currents.,
SP198205,367,-29,114.48333,17/05/1982 0:00,AUROREX - investigation of Australian shelf and oceanic boundary currents.,
SP198205,368,-29.28333,114.13333,17/05/1982 0:00,AUROREX - investigation of Australian shelf and oceanic boundary currents.,
SP198205,369,-29.28333,114.11667,17/05/1982 0:00,AUROREX - investigation of Australian shelf and oceanic boundary currents.,
SP198205,370,-29.28333,114.08333,17/05/1982 0:00,AUROREX - investigation of Australian shelf and oceanic boundary currents.,
SP198205,371,-29.31667,114.01667,17/05/1982 0:00,AUROREX - investigation of Australian shelf and oceanic boundary currents.,
SP198205,372,-29.36667,113.98333,17/05/1982 0:00,AUROREX - investigation of Australian shelf and oceanic boundary currents.,
SP198205,373,-29.38333,113.96667,17/05/1982 0:00,AUROREX - investigation of Australian shelf and oceanic boundary currents.,
SP198205,374,-29.48333,113.88333,17/05/1982 0:00,AUROREX - investigation of Australian shelf and oceanic boundary currents.,
SP198206,375,-31.98333,115.36667,18/06/1982 0:00,AUROREX - investigation of Australian shelf and oceanic boundary currents.,
SP198206,376,-33.21667,113.51667,19/06/1982 0:00,AUROREX - investigation of Australian shelf and oceanic boundary currents.,
SP198206,377,-33.78333,114.21667,19/06/1982 0:00,AUROREX - investigation of Australian shelf and oceanic boundary currents.,
SP198206,378,-33.83333,114.48333,19/06/1982 0:00,AUROREX - investigation of Australian shelf and oceanic boundary currents.,
SP198206,379,-34.51667,114.83333,19/06/1982 0:00,AUROREX - investigation of Australian shelf and oceanic boundary currents.,
SP198206,380,-34.51667,115,19/06/1982 0:00,AUROREX - investigation of Australian shelf and oceanic boundary currents.,
SP198206,381,-34.63333,115.06667,19/06/1982 0:00,AUROREX - investigation of Australian shelf and oceanic boundary currents.,
SP198206,382,-35.05,115.25,20/06/1982 0:00,AUROREX - investigation of Australian shelf and oceanic boundary currents.,
SP198206,383,-35.21667,116.33333,20/06/1982 0:00,AUROREX - investigation of Australian shelf and oceanic boundary currents.,
SP198206,384,-35.13333,116.25,20/06/1982 0:00,AUROREX - investigation of Australian shelf and oceanic boundary currents.,
SP198206,387,-35.78333,116.33333,20/06/1982 0:00,AUROREX - investigation of Australian shelf and oceanic boundary currents.,
SP198206,388,-36.1,117.1,21/06/1982 0:00,AUROREX - investigation of Australian shelf and oceanic boundary currents.,
SP198206,389,-35.8,117.65,21/06/1982 0:00,AUROREX - investigation of Australian shelf and oceanic boundary currents.,
SP198206,390,-35.51667,117.68333,21/06/1982 0:00,AUROREX - investigation of Australian shelf and oceanic boundary currents.,
SP198206,391,-35.4,117.7,21/06/1982 0:00,AUROREX - investigation of Australian shelf and oceanic boundary currents.,
SP198206,392,-35.38333,118.13333,21/06/1982 0:00,AUROREX - investigation of Australian shelf and oceanic boundary currents.,
SP198206,393,-35.53333,118.55,21/06/1982 0:00,AUROREX - investigation of Australian shelf and oceanic boundary currents.,
SP198206,394,-35.36667,118.56667,21/06/1982 0:00,AUROREX - investigation of Australian shelf and oceanic boundary currents.,
SP198206,395,-35.28333,118.51667,21/06/1982 0:00,AUROREX - investigation of Australian shelf and oceanic boundary currents.,
SP198206,396,-35.2,118.5,22/06/1982 0:00,AUROREX - investigation of Australian shelf and oceanic boundary currents.,
SP198206,397,-35.1,118.48333,22/06/1982 0:00,AUROREX - investigation of Australian shelf and oceanic boundary currents.,
SP198206,398,-35.33333,119.51667,22/06/1982 0:00,AUROREX - investigation of Australian shelf and oceanic boundary currents.,
SP198206,399,-35.03333,119.36667,22/06/1982 0:00,AUROREX - investigation of Australian shelf and oceanic boundary currents.,
SP198206,400,-34.5,121.85,23/06/1982 0:00,AUROREX - investigation of Australian shelf and oceanic boundary currents.,
SP198206,401,-34.6,121.91667,23/06/1982 0:00,AUROREX - investigation of Australian shelf and oceanic boundary currents.,
SP198206,402,-34.66667,122.2,23/06/1982 0:00,AUROREX - investigation of Australian shelf and oceanic boundary currents.,
SP198206,403,-34.68333,123.5,23/06/1982 0:00,AUROREX - investigation of Australian shelf and oceanic boundary currents.,
SP198206,404,-34.6,123.83333,23/06/1982 0:00,AUROREX - investigation of Australian shelf and oceanic boundary currents.,
SP198206,405,-34.7,124.68333,24/06/1982 0:00,AUROREX - investigation of Australian shelf and oceanic boundary currents.,
SP198206,406,-34.18333,125.06667,24/06/1982 0:00,AUROREX - investigation of Australian shelf and oceanic boundary currents.,
SP198206,407,-33.91667,125.31667,24/06/1982 0:00,AUROREX - investigation of Australian shelf and oceanic boundary currents.,
SP198206,408,-33.83333,125.4,24/06/1982 0:00,AUROREX - investigation of Australian shelf and oceanic boundary currents.,
SP198206,409,-33.43333,125.73333,24/06/1982 0:00,AUROREX - investigation of Australian shelf and oceanic boundary currents.,
SP198206,410,-33.11667,126.01667,24/06/1982 0:00,AUROREX - investigation of Australian shelf and oceanic boundary currents.,
SP198206,411,-33.2,126.13333,24/06/1982 0:00,AUROREX - investigation of Australian shelf and oceanic boundary currents.,
SP198206,412,-33.25,126.18333,24/06/1982 0:00,AUROREX - investigation of Australian shelf and oceanic boundary currents.,
SP198206,413,-33.33333,126.33333,24/06/1982 0:00,AUROREX - investigation of Australian shelf and oceanic boundary currents.,
SP198206,414,-33.55,126.58333,24/06/1982 0:00,AUROREX - investigation of Australian shelf and oceanic boundary currents.,
SP198206,415,-33.11667,126.88333,25/06/1982 0:00,AUROREX - investigation of Australian shelf and oceanic boundary currents.,
SP198206,416,-33.43333,127.3,25/06/1982 0:00,AUROREX - investigation of Australian shelf and oceanic boundary currents.,
SP198206,417,-33.25,127.66667,25/06/1982 0:00,AUROREX - investigation of Australian shelf and oceanic boundary currents.,
SP198206,418,-33.01667,127.95,25/06/1982 0:00,AUROREX - investigation of Australian shelf and oceanic boundary currents.,
SP198206,419,-32.85,128.2,25/06/1982 0:00,AUROREX - investigation of Australian shelf and oceanic boundary currents.,
SP198206,420,-33.08333,128.48333,25/06/1982 0:00,AUROREX - investigation of Australian shelf and oceanic boundary currents.,
SP198206,421,-33.3,128.76667,25/06/1982 0:00,AUROREX - investigation of Australian shelf and oceanic boundary currents.,
SP198206,422,-33.5,129,25/06/1982 0:00,AUROREX - investigation of Australian shelf and oceanic boundary currents.,
SP198206,423,-33.3,129.3,25/06/1982 0:00,AUROREX - investigation of Australian shelf and oceanic boundary currents.,
SP198206,424,-33.68333,129.76667,26/06/1982 0:00,AUROREX - investigation of Australian shelf and oceanic boundary currents.,
SP198206,425,-34.15,130.3,26/06/1982 0:00,AUROREX - investigation of Australian shelf and oceanic boundary currents.,
SP198206,426,-34.21667,132.8,26/06/1982 0:00,AUROREX - investigation of Australian shelf and oceanic boundary currents.,
SP198206,427,-34.15,133.28333,27/06/1982 0:00,AUROREX - investigation of Australian shelf and oceanic boundary currents.,
SP198206,428,-34.08333,133.71667,27/06/1982 0:00,AUROREX - investigation of Australian shelf and oceanic boundary currents.,
SP198206,429,-34,134.08333,27/06/1982 0:00,AUROREX - investigation of Australian shelf and oceanic boundary currents.,
SP198206,430,-34.38333,134.28333,27/06/1982 0:00,AUROREX - investigation of Australian shelf and oceanic boundary currents.,
SP198206,431,-34.66667,134.36667,27/06/1982 0:00,AUROREX - investigation of Australian shelf and oceanic boundary currents.,
SP198206,432,-34.78333,134.43333,27/06/1982 0:00,AUROREX - investigation of Australian shelf and oceanic boundary currents.,
SP198206,433,-34.71667,134.76667,27/06/1982 0:00,AUROREX - investigation of Australian shelf and oceanic boundary currents.,
SP198206,434,-34.75,134.63333,27/06/1982 0:00,AUROREX - investigation of Australian shelf and oceanic boundary currents.,
SP198206,435,-34.75,134.63333,27/06/1982 0:00,AUROREX - investigation of Australian shelf and oceanic boundary currents.,
SP198206,436,-36.21667,135.35,28/06/1982 0:00,AUROREX - investigation of Australian shelf and oceanic boundary currents.,
SP198206,437,-35.98333,135.58333,28/06/1982 0:00,AUROREX - investigation of Australian shelf and oceanic boundary currents.,
SP198206,438,-35.93333,135.7,28/06/1982 0:00,AUROREX - investigation of Australian shelf and oceanic boundary currents.,
SP198206,439,-35.85,135.68333,28/06/1982 0:00,AUROREX - investigation of Australian shelf and oceanic boundary currents.,
SP198206,440,-35.75,135.75,28/06/1982 0:00,AUROREX - investigation of Australian shelf and oceanic boundary currents.,
SP198206,441,-35.55,135.98333,28/06/1982 0:00,AUROREX - investigation of Australian shelf and oceanic boundary currents.,
SP198206,442,-35.21667,136.23333,28/06/1982 0:00,AUROREX - investigation of Australian shelf and oceanic boundary currents.,
SP198206,443,-35,136.4,28/06/1982 0:00,AUROREX - investigation of Australian shelf and oceanic boundary currents.,
SP198206,444,-35.43333,136.38333,29/06/1982 0:00,AUROREX - investigation of Australian shelf and oceanic boundary currents.,
SP198206,445,-35.68333,136.43333,29/06/1982 0:00,AUROREX - investigation of Australian shelf and oceanic boundary currents.,
SP198206,446,-36.15,136.68333,29/06/1982 0:00,AUROREX - investigation of Australian shelf and oceanic boundary currents.,
SP198206,447,-36.23333,136.63333,29/06/1982 0:00,AUROREX - investigation of Australian shelf and oceanic boundary currents.,
SP198206,448,-36.35,136.61667,29/06/1982 0:00,AUROREX - investigation of Australian shelf and oceanic boundary currents.,
SP198206,449,-36.43333,136.58333,29/06/1982 0:00,AUROREX - investigation of Australian shelf and oceanic boundary currents.,
SP198206,450,-36.56667,136.51667,29/06/1982 0:00,AUROREX - investigation of Australian shelf and oceanic boundary currents.,
SP198206,451,-36.6,136.51667,29/06/1982 0:00,AUROREX - investigation of Australian shelf and oceanic boundary currents.,
SP198206,452,-37.01667,136.35,30/06/1982 0:00,AUROREX - investigation of Australian shelf and oceanic boundary currents.,
SP198206,453,-36.91667,136.75,30/06/1982 0:00,AUROREX - investigation of Australian shelf and oceanic boundary currents.,
SP198206,454,-36.83333,137.06667,30/06/1982 0:00,AUROREX - investigation of Australian shelf and oceanic boundary currents.,
SP198206,455,-36.78333,137.25,30/06/1982 0:00,AUROREX - investigation of Australian shelf and oceanic boundary currents.,
SP198206,456,-36.75,137.33333,30/06/1982 0:00,AUROREX - investigation of Australian shelf and oceanic boundary currents.,
SP198206,457,-36.68333,137.58333,30/06/1982 0:00,AUROREX - investigation of Australian shelf and oceanic boundary currents.,
SP198206,458,-36.78333,137.53333,30/06/1982 0:00,AUROREX - investigation of Australian shelf and oceanic boundary currents.,
SP198206,459,-36.83333,137.53333,30/06/1982 0:00,AUROREX - investigation of Australian shelf and oceanic boundary currents.,
SP198206,460,-36.86667,137.5,30/06/1982 0:00,AUROREX - investigation of Australian shelf and oceanic boundary currents.,
SP198206,461,-37,137.43333,30/06/1982 0:00,AUROREX - investigation of Australian shelf and oceanic boundary currents.,
SP198206,463,-37.98333,137.03333,1/07/1982 0:00,AUROREX - investigation of Australian shelf and oceanic boundary currents.,
SP198206,464,-37.86667,137.6,1/07/1982 0:00,AUROREX - investigation of Australian shelf and oceanic boundary currents.,
SP198206,465,-37.68333,138.26667,1/07/1982 0:00,AUROREX - investigation of Australian shelf and oceanic boundary currents.,
SP198206,466,-37.55,138.78333,1/07/1982 0:00,AUROREX - investigation of Australian shelf and oceanic boundary currents.,
SP198206,467,-37.46667,139.18333,1/07/1982 0:00,AUROREX - investigation of Australian shelf and oceanic boundary currents.,
SP198206,468,-37.43333,139.4,1/07/1982 0:00,AUROREX - investigation of Australian shelf and oceanic boundary currents.,
SP198206,469,-37.4,139.58333,1/07/1982 0:00,AUROREX - investigation of Australian shelf and oceanic boundary currents.,
SP198206,470,-37.55,139.58333,1/07/1982 0:00,AUROREX - investigation of Australian shelf and oceanic boundary currents.,
SP198206,471,-37.65,139.58333,1/07/1982 0:00,AUROREX - investigation of Australian shelf and oceanic boundary currents.,
SP198206,472,-37.81667,139.58333,2/07/1982 0:00,AUROREX - investigation of Australian shelf and oceanic boundary currents.,
SP198206,473,-38.5,139.56667,2/07/1982 0:00,AUROREX - investigation of Australian shelf and oceanic boundary currents.,
SP198206,474,-38.4,139.78333,2/07/1982 0:00,AUROREX - investigation of Australian shelf and oceanic boundary currents.,
SP198206,475,-38.15,140,2/07/1982 0:00,AUROREX - investigation of Australian shelf and oceanic boundary currents.,
SP198206,476,-38.06667,140.15,2/07/1982 0:00,AUROREX - investigation of Australian shelf and oceanic boundary currents.,
SP198206,477,-38,140.21667,2/07/1982 0:00,AUROREX - investigation of Australian shelf and oceanic boundary currents.,
SP198206,478,-37.95,140.28333,2/07/1982 0:00,AUROREX - investigation of Australian shelf and oceanic boundary currents.,
SP198206,479,-38.15,140.61667,2/07/1982 0:00,AUROREX - investigation of Australian shelf and oceanic boundary currents.,
SP198206,480,-38.21667,140.56667,2/07/1982 0:00,AUROREX - investigation of Australian shelf and oceanic boundary currents.,
SP198206,481,-38.28333,140.5,3/07/1982 0:00,AUROREX - investigation of Australian shelf and oceanic boundary currents.,
SP198206,482,-38.36667,140.48333,3/07/1982 0:00,AUROREX - investigation of Australian shelf and oceanic boundary currents.,
SP198206,483,-38.55,140.93333,3/07/1982 0:00,AUROREX - investigation of Australian shelf and oceanic boundary currents.,
SP198206,484,-38.51667,141,3/07/1982 0:00,AUROREX - investigation of Australian shelf and oceanic boundary currents.,
SP198206,485,-38.46667,141.11667,3/07/1982 0:00,AUROREX - investigation of Australian shelf and oceanic boundary currents.,
SP198206,486,-38.35,141.28333,3/07/1982 0:00,AUROREX - investigation of Australian shelf and oceanic boundary currents.,
SP198206,487,-38.73333,141.21667,3/07/1982 0:00,AUROREX - investigation of Australian shelf and oceanic boundary currents.,
SP198206,488,-38.68333,141.35,3/07/1982 0:00,AUROREX - investigation of Australian shelf and oceanic boundary currents.,
SP198206,489,-38.53333,141.51667,3/07/1982 0:00,AUROREX - investigation of Australian shelf and oceanic boundary currents.,
SP198206,490,-38.46667,141.56667,3/07/1982 0:00,AUROREX - investigation of Australian shelf and oceanic boundary currents.,
SP198207,19,-38.91667,142.21667,8/07/1982 14:39,AUROREX - investigation of Australian shelf and oceanic boundary currents.,
SP198207,20,-38.83333,142.26667,8/07/1982 16:08,AUROREX - investigation of Australian shelf and oceanic boundary currents.,
SP198207,21,-38.6,142.43333,8/07/1982 18:15,AUROREX - investigation of Australian shelf and oceanic boundary currents.,
SP198207,22,-38.55,141.61667,8/07/1982 23:00,AUROREX - investigation of Australian shelf and oceanic boundary currents.,
SP198207,23,-38.76667,141.6,9/07/1982 0:47,AUROREX - investigation of Australian shelf and oceanic boundary currents.,
SP198207,24,-38.81667,141.6,9/07/1982 1:46,AUROREX - investigation of Australian shelf and oceanic boundary currents.,
SP198207,25,-38.83333,141.63333,9/07/1982 2:37,AUROREX - investigation of Australian shelf and oceanic boundary currents.,
SP198207,26,-41.41667,144.33333,10/07/1982 1:03,AUROREX - investigation of Australian shelf and oceanic boundary currents.,
SP198207,27,-41.96667,144.58333,10/07/1982 6:17,AUROREX - investigation of Australian shelf and oceanic boundary currents.,
SP198207,28,-42.56667,144.85,10/07/1982 12:22,AUROREX - investigation of Australian shelf and oceanic boundary currents.,
SP198207,29,-43.11667,145.18333,10/07/1982 17:56,AUROREX - investigation of Australian shelf and oceanic boundary currents.,
SP198207,30,-43.71667,145.88333,11/07/1982 0:24,AUROREX - investigation of Australian shelf and oceanic boundary currents.,
SP198207,31,-43.3,148.21667,11/07/1982 12:18,AUROREX - investigation of Australian shelf and oceanic boundary currents.,
SP198207,32,-42.6,148.5,11/07/1982 17:57,AUROREX - investigation of Australian shelf and oceanic boundary currents.,
SP198207,33,-42.56667,148.46667,11/07/1982 19:32,AUROREX - investigation of Australian shelf and oceanic boundary currents.,
SP198207,35,-42.53333,148.16667,11/07/1982 22:44,AUROREX - investigation of Australian shelf and oceanic boundary currents.,
SP198207,36,-41.88333,148.6,12/07/1982 6:24,AUROREX - investigation of Australian shelf and oceanic boundary currents.,
SP198207,37,-41.88333,148.61667,12/07/1982 7:32,AUROREX - investigation of Australian shelf and oceanic boundary currents.,
SP198207,38,-41,148.68333,12/07/1982 15:04,AUROREX - investigation of Australian shelf and oceanic boundary currents.,
SP198207,39,-41,146.71667,12/07/1982 16:12,AUROREX - investigation of Australian shelf and oceanic boundary currents.,
SP198207,40,-40.43333,148.91667,12/07/1982 21:27,AUROREX - investigation of Australian shelf and oceanic boundary currents.,
SP198207,41,-40.41667,148.86667,12/07/1982 22:43,AUROREX - investigation of Australian shelf and oceanic boundary currents.,
SP198207,42,-37.06667,150.36667,14/07/1982 6:27,AUROREX - investigation of Australian shelf and oceanic boundary currents.,
SP198207,43,-36.43333,150.35,14/07/1982 12:11,AUROREX - investigation of Australian shelf and oceanic boundary currents.,
SP198207,44,-37.05,150,14/07/1982 18:18,AUROREX - investigation of Australian shelf and oceanic boundary currents.,
SP198207,45,-37.61667,150.3,15/07/1982 5:33,AUROREX - investigation of Australian shelf and oceanic boundary currents.,
SP198207,46,-34.35,151.41667,17/07/1982 15:41,AUROREX - investigation of Australian shelf and oceanic boundary currents.,
SP198207,47,-35.08333,151.08333,17/07/1982 22:50,AUROREX - investigation of Australian shelf and oceanic boundary currents.,
SP198207,48,-35.73333,150.63333,18/07/1982 5:18,AUROREX - investigation of Australian shelf and oceanic boundary currents.,
SO198206,1,-20.04,118.32333,15/11/1982 0:00,,
SO198206,2,-20.005,117.98333,15/11/1982 0:00,,
SO198206,3,-20.055,118.06333,15/11/1982 0:00,,
SO198206,16,-19.5,117.44833,16/11/1982 0:00,,
SO198206,4,-19.86333,117.91833,16/11/1982 0:00,,
SO198206,5,-19.86667,117.75667,16/11/1982 0:00,,
SO198206,6,-19.81,117.56,16/11/1982 0:00,,
SO198206,7,-19.89667,117.74333,16/11/1982 0:00,,
SO198206,9,-19.95833,117.75,16/11/1982 0:00,,
SO198206,10,-20.21333,117.87,17/11/1982 0:00,,
SO198206,11,-20.26667,117.615,17/11/1982 0:00,,
SO198206,12,-20.10833,117.47667,17/11/1982 0:00,,
SO198206,13,-20.05,117.42,17/11/1982 0:00,,
SO198206,15,-19.59833,117.455,17/11/1982 0:00,,
SO198206,17,-19.56667,117.4,18/11/1982 0:00,,
SO198206,18,-19.53167,117.235,18/11/1982 0:00,,
SO198206,19,-19.65,117.10833,18/11/1982 0:00,,
SO198206,20,-19.66667,117.02667,18/11/1982 0:00,,
SO198206,21,-19.7,117.05833,18/11/1982 0:00,,
SO198206,23,-20.26333,117.17,19/11/1982 0:00,,
SO198206,24,-20.31667,117.14333,19/11/1982 0:00,,
SO198206,22,-20.32333,117.36167,19/11/1982 0:00,,
SO198206,25,-19.98333,116.165,19/11/1982 0:00,,
SO198206,26,-20.25167,116.03833,20/11/1982 0:00,,
SO198206,27,-20.515,116.11833,20/11/1982 0:00,,
SO198206,28,-20.51333,116.205,20/11/1982 0:00,,
SO198206,29,-20.20667,116.44333,20/11/1982 0:00,,
SO198206,30,-20.30333,116.7,20/11/1982 0:00,,
SO198206,31,-20.06167,117.10833,20/11/1982 0:00,,
SO198206,32,-20.10667,116.96167,21/11/1982 0:00,,
SO198206,33,-19.86833,116.81167,21/11/1982 0:00,,
SO198206,34,-19.81667,116.71833,21/11/1982 0:00,,
SO198206,35,-19.62667,116.20667,21/11/1982 0:00,,
SO198206,36,-19.465,116.55333,21/11/1982 0:00,,
SO198206,37,-19.42,116.65167,22/11/1982 0:00,,
SO198206,38,-19.27,116.96333,22/11/1982 0:00,,
SO198206,39,-19.44667,117.1,22/11/1982 0:00,,
SO198206,40,-19.465,117.24833,22/11/1982 0:00,,
SO198206,41,-19.22333,117.24333,22/11/1982 0:00,,
SO198206,42,-19.24,117.575,22/11/1982 0:00,,
SO198206,43,-19.04333,117.61333,23/11/1982 0:00,,
SO198206,44,-19.14833,117.81333,23/11/1982 0:00,,
SO198206,45,-19.29667,117.92,23/11/1982 0:00,,
SO198206,46,-19.33833,118.07167,23/11/1982 0:00,,
SO198206,47,-19.42667,118.165,23/11/1982 0:00,,
SO198206,48,-18.73,118.215,23/11/1982 0:00,,
SO198206,49,-18.74167,118.11,24/11/1982 0:00,,
SO198206,50,-18.82167,118.09667,24/11/1982 0:00,,
SO198206,51,-18.87667,117.87667,24/11/1982 0:00,,
SO198206,52,-19.13,118.11833,24/11/1982 0:00,,
SO198206,53,-19.20667,118.10833,24/11/1982 0:00,,
SO198206,106,-19.02167,118.26167,29/11/1982 0:00,,
SO198206,107,-18.80333,118.455,29/11/1982 0:00,,
SO198206,108,-18.58667,118.25167,29/11/1982 0:00,,
SO198206,109,-18.52667,118.51667,30/11/1982 0:00,,
SO198206,110,-18.71333,118.64667,30/11/1982 0:00,,
SO198206,111,-18.79,118.765,30/11/1982 0:00,,
SO198206,113,-18.865,118.79667,30/11/1982 0:00,,
SO198206,114,-18.98333,118.64667,1/12/1982 0:00,,
SO198206,115,-19.59167,118.76667,1/12/1982 0:00,,
SO198206,116,-19.61667,118.93333,1/12/1982 0:00,,
SO198206,26,-20.6,116.35,4/12/1982 0:00,North West Shelf Demersal Marine Resources Study (1982-1992),
SO198206,27,-20.58333,116.35,4/12/1982 0:00,North West Shelf Demersal Marine Resources Study (1982-1992),
SO198206,28,-20.53333,116.35,4/12/1982 0:00,North West Shelf Demersal Marine Resources Study (1982-1992),
SO198206,29,-20.51667,116.35,4/12/1982 0:00,North West Shelf Demersal Marine Resources Study (1982-1992),
SO198206,30,-20.46667,116.35,4/12/1982 0:00,North West Shelf Demersal Marine Resources Study (1982-1992),
SO198206,31,-20.43333,116.35,4/12/1982 0:00,North West Shelf Demersal Marine Resources Study (1982-1992),
SO198206,32,-20.25,116.41667,4/12/1982 0:00,North West Shelf Demersal Marine Resources Study (1982-1992),
SO198206,33,-19.46667,118.15,5/12/1982 0:00,North West Shelf Demersal Marine Resources Study (1982-1992),
SO198206,34,-19.61667,118.23333,5/12/1982 0:00,North West Shelf Demersal Marine Resources Study (1982-1992),
SO198206,35,-20,118.41667,6/12/1982 0:00,North West Shelf Demersal Marine Resources Study (1982-1992),
SO198206,36,-19.48333,118.58333,8/12/1982 0:00,North West Shelf Demersal Marine Resources Study (1982-1992),
SO198206,37,-19.16667,118.8,8/12/1982 0:00,North West Shelf Demersal Marine Resources Study (1982-1992),
SO198206,38,-19.15,118.81667,8/12/1982 0:00,North West Shelf Demersal Marine Resources Study (1982-1992),
SO198206,39,-19.15,118.86667,8/12/1982 0:00,North West Shelf Demersal Marine Resources Study (1982-1992),
SO198206,40,-19.15,118.9,8/12/1982 0:00,North West Shelf Demersal Marine Resources Study (1982-1992),
SO198206,41,-19.15,118.93333,8/12/1982 0:00,North West Shelf Demersal Marine Resources Study (1982-1992),
SO198206,42,-19.15,118.96667,8/12/1982 0:00,North West Shelf Demersal Marine Resources Study (1982-1992),
SO198206,43,-19.13333,118.98333,9/12/1982 0:00,North West Shelf Demersal Marine Resources Study (1982-1992),
SO198206,44,-19.11667,119.01667,9/12/1982 0:00,North West Shelf Demersal Marine Resources Study (1982-1992),
SO198206,45,-19.13333,119.05,9/12/1982 0:00,North West Shelf Demersal Marine Resources Study (1982-1992),
SO198206,46,-19.15,119.06667,9/12/1982 0:00,North West Shelf Demersal Marine Resources Study (1982-1992),
SO198206,47,-19.13333,119.13333,9/12/1982 0:00,North West Shelf Demersal Marine Resources Study (1982-1992),
SO198206,48,-19.13333,119.11667,9/12/1982 0:00,North West Shelf Demersal Marine Resources Study (1982-1992),
SO198206,49,-19.88333,118.6,10/12/1982 0:00,North West Shelf Demersal Marine Resources Study (1982-1992),
SO198206,50,-19.81667,118.56667,10/12/1982 0:00,North West Shelf Demersal Marine Resources Study (1982-1992),
SO198206,51,-19.75,118.55,10/12/1982 0:00,North West Shelf Demersal Marine Resources Study (1982-1992),
SO198206,52,-19.73333,118.53333,10/12/1982 0:00,North West Shelf Demersal Marine Resources Study (1982-1992),
SO198206,53,-19.66667,118.53333,10/12/1982 0:00,North West Shelf Demersal Marine Resources Study (1982-1992),
SO198206,54,-19.6,118.51667,10/12/1982 0:00,North West Shelf Demersal Marine Resources Study (1982-1992),
SO198206,55,-19.51667,118.48333,10/12/1982 0:00,North West Shelf Demersal Marine Resources Study (1982-1992),
SO198206,56,-19.4,119.5,11/12/1982 0:00,North West Shelf Demersal Marine Resources Study (1982-1992),
SO198206,57,-19.08333,119.33333,11/12/1982 0:00,North West Shelf Demersal Marine Resources Study (1982-1992),
SO198206,58,-18.75,119.08333,12/12/1982 0:00,North West Shelf Demersal Marine Resources Study (1982-1992),
SO198206,59,-18.33333,118.85,12/12/1982 0:00,North West Shelf Demersal Marine Resources Study (1982-1992),
SO198206,60,-17.8,118.5,12/12/1982 0:00,North West Shelf Demersal Marine Resources Study (1982-1992),
SO198206,61,-17.5,118.33333,13/12/1982 0:00,North West Shelf Demersal Marine Resources Study (1982-1992),
SO198206,62,-19,116,13/12/1982 0:00,North West Shelf Demersal Marine Resources Study (1982-1992),
SO198206,63,-19.25,116.16667,13/12/1982 0:00,North West Shelf Demersal Marine Resources Study (1982-1992),
SO198206,64,-19.53333,116.33333,14/12/1982 0:00,North West Shelf Demersal Marine Resources Study (1982-1992),
SO198206,65,-18.75,118.75,14/12/1982 0:00,North West Shelf Demersal Marine Resources Study (1982-1992),
SO198206,66,-19.91667,116.58333,15/12/1982 0:00,North West Shelf Demersal Marine Resources Study (1982-1992),
SO198206,67,-20.25,116.83333,15/12/1982 0:00,North West Shelf Demersal Marine Resources Study (1982-1992),
SP198311,190,-18.08333,147.25,23/06/1983 0:00,Planktonic Food Chains 1981-84,
SP198311,191,-18.01667,148.18333,23/06/1983 0:00,Planktonic Food Chains 1981-84,
SP198311,192,-17.81667,148.91667,24/06/1983 0:00,Planktonic Food Chains 1981-84,
SP198311,193,-15.98333,154.98333,26/06/1983 0:00,Planktonic Food Chains 1981-84,
SP198311,194,-17,155,26/06/1983 0:00,Planktonic Food Chains 1981-84,
SP198311,195,-18,155.05,27/06/1983 0:00,Planktonic Food Chains 1981-84,
SP198311,196,-18.91667,154.98333,27/06/1983 0:00,Planktonic Food Chains 1981-84,
SP198311,197,-20,155,28/06/1983 0:00,Planktonic Food Chains 1981-84,
SP198311,198,-21,154.98333,28/06/1983 0:00,Planktonic Food Chains 1981-84,
SP198311,199,-22.01667,155.06667,29/06/1983 0:00,Planktonic Food Chains 1981-84,
SP198311,200,-23.01667,155.35,29/06/1983 0:00,Planktonic Food Chains 1981-84,
SP198311,201,-23.98333,154.96667,30/06/1983 0:00,Planktonic Food Chains 1981-84,
SP198311,202,-25.01667,155.01667,30/06/1983 0:00,Planktonic Food Chains 1981-84,
SP198311,203,-26.01667,155.01667,1/07/1983 0:00,Planktonic Food Chains 1981-84,
SP198311,204,-27.01667,155,1/07/1983 0:00,Planktonic Food Chains 1981-84,
SP198311,205,-26.98333,154.08333,2/07/1983 0:00,Planktonic Food Chains 1981-84,
SP198311,206,-27,153.9,2/07/1983 0:00,Planktonic Food Chains 1981-84,
SP198311,207,-27,153.8,2/07/1983 0:00,Planktonic Food Chains 1981-84,
SP198311,208,-27,153.68333,2/07/1983 0:00,Planktonic Food Chains 1981-84,
SP198311,209,-28,154.98333,3/07/1983 0:00,Planktonic Food Chains 1981-84,
SP198311,210,-28,154.88333,3/07/1983 0:00,Planktonic Food Chains 1981-84,
SP198311,211,-31.03333,155.03333,5/07/1983 0:00,Planktonic Food Chains 1981-84,
SP198311,212,-32,154.98333,5/07/1983 0:00,Planktonic Food Chains 1981-84,
SP198311,213,-32.98333,154.98333,5/07/1983 0:00,Planktonic Food Chains 1981-84,
SO198303,27,-19.78333,118.71667,19/06/1983 0:00,North West Shelf Demersal Marine Resources Study (1982-1992),
SO198303,28,-19.75,118.7,19/06/1983 0:00,North West Shelf Demersal Marine Resources Study (1982-1992),
SO198303,29,-19.7,118.73333,19/06/1983 0:00,North West Shelf Demersal Marine Resources Study (1982-1992),
SO198303,30,-19.63333,118.75,19/06/1983 0:00,North West Shelf Demersal Marine Resources Study (1982-1992),
SO198303,31,-19.53333,118.8,19/06/1983 0:00,North West Shelf Demersal Marine Resources Study (1982-1992),
SO198303,32,-19.45,118.83333,19/06/1983 0:00,North West Shelf Demersal Marine Resources Study (1982-1992),
SO198303,33,-19.43333,118.83333,19/06/1983 0:00,North West Shelf Demersal Marine Resources Study (1982-1992),
SO198303,34,-19.56667,118.8,19/06/1983 0:00,North West Shelf Demersal Marine Resources Study (1982-1992),
SO198303,35,-19.56667,118.8,19/06/1983 0:00,North West Shelf Demersal Marine Resources Study (1982-1992),
SO198303,36,-19.56667,118.8,19/06/1983 0:00,North West Shelf Demersal Marine Resources Study (1982-1992),
SO198303,37,-19.56667,118.8,19/06/1983 0:00,North West Shelf Demersal Marine Resources Study (1982-1992),
SO198303,38,-19.56667,118.8,19/06/1983 0:00,North West Shelf Demersal Marine Resources Study (1982-1992),
SO198303,39,-19.56667,118.8,19/06/1983 0:00,North West Shelf Demersal Marine Resources Study (1982-1992),
SO198303,40,-19.53333,118.8,19/06/1983 0:00,North West Shelf Demersal Marine Resources Study (1982-1992),
SO198303,41,-19.56667,118.8,20/06/1983 0:00,North West Shelf Demersal Marine Resources Study (1982-1992),
SO198303,42,-19.56667,118.8,20/06/1983 0:00,North West Shelf Demersal Marine Resources Study (1982-1992),
SO198303,43,-19.56667,118.8,20/06/1983 0:00,North West Shelf Demersal Marine Resources Study (1982-1992),
SO198303,44,-19.53333,118.8,20/06/1983 0:00,North West Shelf Demersal Marine Resources Study (1982-1992),
SO198303,45,-19.53333,118.8,20/06/1983 0:00,North West Shelf Demersal Marine Resources Study (1982-1992),
SO198303,46,-19.56667,118.8,20/06/1983 0:00,North West Shelf Demersal Marine Resources Study (1982-1992),
SO198303,47,-19.41667,119.5,20/06/1983 0:00,North West Shelf Demersal Marine Resources Study (1982-1992),
SO198303,48,-19.08333,119.33333,21/06/1983 0:00,North West Shelf Demersal Marine Resources Study (1982-1992),
SO198303,49,-18.75,119.08333,21/06/1983 0:00,North West Shelf Demersal Marine Resources Study (1982-1992),
SO198303,50,-18.33333,118.83333,21/06/1983 0:00,North West Shelf Demersal Marine Resources Study (1982-1992),
SO198303,51,-17.75,118.5,21/06/1983 0:00,North West Shelf Demersal Marine Resources Study (1982-1992),
SO198303,52,-17.5,118.33333,22/06/1983 0:00,North West Shelf Demersal Marine Resources Study (1982-1992),
SO198303,53,-18.51667,117.5,22/06/1983 0:00,North West Shelf Demersal Marine Resources Study (1982-1992),
SO198303,54,-19.53333,116.33333,22/06/1983 0:00,North West Shelf Demersal Marine Resources Study (1982-1992),
SO198303,55,-19.3,116.2,23/06/1983 0:00,North West Shelf Demersal Marine Resources Study (1982-1992),
SO198303,56,-18.75,115.75,23/06/1983 0:00,North West Shelf Demersal Marine Resources Study (1982-1992),
SO198303,57,-19,116,23/06/1983 0:00,North West Shelf Demersal Marine Resources Study (1982-1992),
SO198303,58,-19.91667,116.58333,24/06/1983 0:00,North West Shelf Demersal Marine Resources Study (1982-1992),
SO198303,59,-20.25,116.83333,24/06/1983 0:00,North West Shelf Demersal Marine Resources Study (1982-1992),
SO198303,60,-19.8,118.7,26/06/1983 0:00,North West Shelf Demersal Marine Resources Study (1982-1992),
SO198303,61,-19.76667,118.71667,26/06/1983 0:00,North West Shelf Demersal Marine Resources Study (1982-1992),
SO198303,62,-19.71667,118.73333,27/06/1983 0:00,North West Shelf Demersal Marine Resources Study (1982-1992),
SO198303,63,-19.65,118.76667,27/06/1983 0:00,North West Shelf Demersal Marine Resources Study (1982-1992),
SO198303,64,-19.53333,118.81667,27/06/1983 0:00,North West Shelf Demersal Marine Resources Study (1982-1992),
SO198303,65,-19.45,118.83333,27/06/1983 0:00,North West Shelf Demersal Marine Resources Study (1982-1992),
SO198303,66,-19.4,118.85,27/06/1983 0:00,North West Shelf Demersal Marine Resources Study (1982-1992),
SO198305,1,-19.97833,118.21,7/10/1983 0:00,,
SO198305,2,-20.07,117.98333,7/10/1983 0:00,,
SO198305,4,-19.7,118.7,7/10/1983 0:00,,
SO198305,5,-19.69833,118.71833,7/10/1983 0:00,,
SO198305,6,-19.60667,118.55,8/10/1983 0:00,,
SO198305,7,-19.56833,118.32333,8/10/1983 0:00,,
SO198305,8,-19.41833,118.50167,8/10/1983 0:00,,
SO198305,9,-19.27667,118.55333,8/10/1983 0:00,,
SO198305,10,-19.4,118.91667,8/10/1983 0:00,,
SO198305,11,-19.45167,118.92,8/10/1983 0:00,,
SO198305,12,-19.31,118.82,9/10/1983 0:00,,
SO198305,13,-19.26833,118.74833,9/10/1983 0:00,,
SO198305,14,-18.94,118.80167,9/10/1983 0:00,,
SO198305,15,-18.60333,118.95333,9/10/1983 0:00,,
SO198305,17,-18.56,118.18833,9/10/1983 0:00,,
SO198305,18,-18.68167,118.365,10/10/1983 0:00,,
SO198305,19,-18.75,118.24833,10/10/1983 0:00,,
SO198305,20,-18.83833,117.85833,10/10/1983 0:00,,
SO198305,21,-19.01667,117.77667,10/10/1983 0:00,,
SO198305,22,-19.005,117.81333,10/10/1983 0:00,,
SO198305,23,-19.2,117.86667,10/10/1983 0:00,,
SO198305,24,-19.20667,117.865,10/10/1983 0:00,,
SO198305,25,-19.095,117.87333,11/10/1983 0:00,,
SO198305,26,-19.11833,117.655,11/10/1983 0:00,,
SO198305,27,-19.09167,117.49167,11/10/1983 0:00,,
SO198305,28,-19.10333,117.50833,11/10/1983 0:00,,
SO198305,29,-19.24,117.55667,11/10/1983 0:00,,
SO198305,30,-19.71,117.87333,11/10/1983 0:00,,
SO198305,31,-19.72167,117.875,11/10/1983 0:00,,
SO198305,32,-19.59667,117.765,12/10/1983 0:00,,
SO198305,33,-19.44,117.62667,12/10/1983 0:00,,
SO198305,34,-19.51333,117.22,12/10/1983 0:00,,
SO198305,35,-19.47167,117.18333,12/10/1983 0:00,,
SO198305,36,-19.39,117.17,12/10/1983 0:00,,
SO198305,37,-19.18333,116.95,12/10/1983 0:00,,
SO198305,38,-19.19833,116.95167,12/10/1983 0:00,,
SO198305,39,-19.34833,116.76833,13/10/1983 0:00,,
SO198305,40,-19.26833,116.67,13/10/1983 0:00,,
SO198305,41,-19.62167,116.365,13/10/1983 0:00,,
SO198305,42,-19.52,116.04167,13/10/1983 0:00,,
SO198305,43,-19.855,116.21333,13/10/1983 0:00,,
SO198305,44,-20.005,116.14333,14/10/1983 0:00,,
SO198305,45,-20.06167,116.21667,14/10/1983 0:00,,
SO198305,46,-20.10667,116.17,14/10/1983 0:00,,
SO198305,47,-20.13333,116.16,14/10/1983 0:00,,
SO198305,48,-20.42333,116.04333,14/10/1983 0:00,,
SO198305,49,-20.385,116.16833,14/10/1983 0:00,,
SO198305,50,-20.47,116.16833,14/10/1983 0:00,,
SO198305,51,-20.445,116.31833,15/10/1983 0:00,,
SO198305,52,-20.265,116.36667,15/10/1983 0:00,,
SO198305,53,-20.08833,116.565,15/10/1983 0:00,,
SO198305,54,-19.90667,116.46,15/10/1983 0:00,,
SO198305,55,-19.96,117.12,15/10/1983 0:00,,
SO198305,56,-19.91,116.98333,16/10/1983 0:00,,
SO198305,57,-20.125,117.04333,16/10/1983 0:00,,
SO198305,58,-19.60667,117.28833,16/10/1983 0:00,,
SO198305,59,-19.745,117.25,17/10/1983 0:00,,
SO198305,60,-19.92,117.35333,17/10/1983 0:00,,
SO198305,61,-20.07,117.175,17/10/1983 0:00,,
SO198305,62,-20.06,117.16667,17/10/1983 0:00,,
SO198305,63,-20.20833,117.19667,17/10/1983 0:00,,
SO198305,64,-20.27667,117.25667,17/10/1983 0:00,,
SO198305,66,-20.36333,117.28667,18/10/1983 0:00,,
SO198305,67,-20.15667,117.51333,18/10/1983 0:00,,
SO198305,68,-20.12,117.47333,18/10/1983 0:00,,
SO198305,69,-20.11,117.67833,18/10/1983 0:00,,
SO198305,70,-20.15,117.69333,18/10/1983 0:00,,
SO198305,71,-20.195,117.96333,19/10/1983 0:00,,
SO198305,72,-20.055,117.96,19/10/1983 0:00,,
SO198305,73,-19.975,117.905,19/10/1983 0:00,,
SO198305,74,-19.98,117.855,19/10/1983 0:00,,
SO198305,85,-19.9,117.77833,5/11/1983 0:00,,
SO198305,86,-19.91167,117.73333,5/11/1983 0:00,,
SO198305,87,-19.87667,117.62667,5/11/1983 0:00,,
SO198305,88,-19.51667,118.82833,6/11/1983 0:00,,
SO198305,89,-19.535,118.79,6/11/1983 0:00,,
SO198305,90,-19.49333,118.81667,7/11/1983 0:00,,
SO198305,91,-19.47833,118.84333,7/11/1983 0:00,,
SO198305,93,-19.49833,118.72167,7/11/1983 0:00,,
SO198305,94,-19.52,118.69833,7/11/1983 0:00,,
SO198305,95,-19.88,117.79333,7/11/1983 0:00,,
SO198305,96,-19.90333,117.81333,7/11/1983 0:00,,
SO198305,97,-19.88667,117.87333,8/11/1983 0:00,,
SO198305,98,-19.91333,117.855,8/11/1983 0:00,,
SO198305,99,-19.91833,117.79833,8/11/1983 0:00,,
SO198305,100,-19.85667,117.77833,8/11/1983 0:00,,
SO198305,101,-19.87667,117.72167,8/11/1983 0:00,,
SO198305,102,-19.91167,117.73667,8/11/1983 0:00,,
SO198305,103,-19.87833,117.78167,8/11/1983 0:00,,
SO198305,104,-19.91667,117.77833,8/11/1983 0:00,,
SO198305,105,-19.91167,117.775,9/11/1983 0:00,,
SO198305,106,-19.90167,117.72167,9/11/1983 0:00,,
SO198305,107,-19.89667,117.72333,9/11/1983 0:00,,
SO198305,108,-19.93333,117.72333,9/11/1983 0:00,,
SO198305,109,-19.92,117.72,9/11/1983 0:00,,
SO198305,110,-19.88333,117.78167,9/11/1983 0:00,,
SO198305,111,-19.895,117.80333,9/11/1983 0:00,,
SO198305,112,-19.91167,117.75333,9/11/1983 0:00,,
SO198305,113,-19.91333,117.76167,9/11/1983 0:00,,
SO198305,114,-19.87333,117.755,10/11/1983 0:00,,
SO198305,115,-19.90333,117.69667,10/11/1983 0:00,,
SO198305,116,-19.935,117.76667,10/11/1983 0:00,,
SO198305,117,-19.925,117.80667,10/11/1983 0:00,,
SO198305,118,-19.935,117.78667,10/11/1983 0:00,,
SO198305,119,-19.91167,117.76667,10/11/1983 0:00,,
SO198305,120,-19.9,117.73667,10/11/1983 0:00,,
SO198305,121,-19.86667,117.78833,10/11/1983 0:00,,
SO198305,122,-19.95,117.765,10/11/1983 0:00,,
SO198305,123,-19.935,117.755,11/11/1983 0:00,,
SO198305,124,-19.93667,117.74833,11/11/1983 0:00,,
SO198305,125,-19.95167,117.715,11/11/1983 0:00,,
SO198305,126,-19.92,117.70167,11/11/1983 0:00,,
SO198305,127,-19.91333,117.72667,11/11/1983 0:00,,
SO198305,128,-19.92333,117.72833,11/11/1983 0:00,,
SO198305,129,-19.89167,117.75667,11/11/1983 0:00,,
SO198305,130,-19.90667,117.695,11/11/1983 0:00,,
SO198305,131,-19.90833,117.745,11/11/1983 0:00,,
SO198305,132,-19.955,117.7,11/11/1983 0:00,,
SO198305,133,-19.92667,117.735,12/11/1983 0:00,,
SO198305,134,-19.865,117.74333,12/11/1983 0:00,,
SO198305,135,-19.89833,117.70667,12/11/1983 0:00,,
SO198305,136,-19.935,117.71167,12/11/1983 0:00,,
SO198305,137,-19.93667,117.71,12/11/1983 0:00,,
SO198305,138,-19.93,117.71667,12/11/1983 0:00,,
SO198305,139,-19.95,117.72,12/11/1983 0:00,,
SO198305,140,-19.88167,117.745,12/11/1983 0:00,,
SO198305,141,-19.93833,117.75333,12/11/1983 0:00,,
SO198305,142,-19.96833,117.755,12/11/1983 0:00,,
SO198305,143,-19.92833,117.73167,13/11/1983 0:00,,
SO198305,144,-19.90167,117.71,13/11/1983 0:00,,
SO198305,145,-19.925,117.70833,13/11/1983 0:00,,
SO198305,146,-19.94667,117.72667,13/11/1983 0:00,,
SO198305,147,-19.93667,117.73667,13/11/1983 0:00,,
SO198305,148,-19.935,117.73833,13/11/1983 0:00,,
SO198305,149,-19.93833,117.70833,13/11/1983 0:00,,
SO198305,150,-19.92,117.735,13/11/1983 0:00,,
SO198305,151,-18.11667,118.16667,14/11/1983 0:00,,
SO198305,158,-19.93,117.69667,15/11/1983 0:00,,
SO198305,159,-19.92333,117.74333,16/11/1983 0:00,,
SO198305,160,-19.92833,117.72833,16/11/1983 0:00,,
SO198305,161,-19.93833,117.71,16/11/1983 0:00,,
SO198305,162,-19.945,117.70833,16/11/1983 0:00,,
SO198305,163,-19.93167,117.725,16/11/1983 0:00,,
SO198305,164,-19.96667,117.68833,16/11/1983 0:00,,
SO198305,165,-19.96667,117.68,16/11/1983 0:00,,
SO198305,166,-19.96333,117.685,16/11/1983 0:00,,
SO198404,138,-42.75,148.58333,23/08/1984 16:30,Soela fish surveys  1980s,
SO198404,139,-42.7,148.41667,23/08/1984 21:30,Soela fish surveys  1980s,
SO198404,140,-42.7,148.36667,23/08/1984 23:11,Soela fish surveys  1980s,
SO198404,141,-42.68333,148.28333,24/08/1984 0:49,Soela fish surveys  1980s,
SO198404,142,-42.66667,148.21667,24/08/1984 2:12,Soela fish surveys  1980s,
SO198404,143,-42.55,148.13333,24/08/1984 3:56,Soela fish surveys  1980s,
SO198404,144,-42.51667,148.08333,24/08/1984 5:03,Soela fish surveys  1980s,
SO198404,145,-41.48333,148.35,25/08/1984 2:09,Soela fish surveys  1980s,
SO198404,146,-41.5,148.41667,25/08/1984 3:14,Soela fish surveys  1980s,
SO198404,147,-41.5,148.6,25/08/1984 5:25,Soela fish surveys  1980s,
SO198404,151,-43.7,147.55,26/08/1984 9:09,Soela fish surveys  1980s,
SO198404,152,-43.5,147.38333,26/08/1984 12:32,Soela fish surveys  1980s,
SO198404,153,-43.66667,145.61667,28/08/1984 8:50,Soela fish surveys  1980s,
SO198404,154,-43.53333,145.93333,28/08/1984 14:00,Soela fish surveys  1980s,
SO198404,155,-42.68333,145.2,28/08/1984 22:00,Soela fish surveys  1980s,
SO198404,156,-42.71667,145.06667,29/08/1984 0:12,Soela fish surveys  1980s,
SO198404,157,-42.75,144.93333,29/08/1984 1:58,Soela fish surveys  1980s,
SO198404,158,-42.78333,144.63333,29/08/1984 7:50,Soela fish surveys  1980s,
SO198404,159,-41.53333,144.71667,29/08/1984 16:56,Soela fish surveys  1980s,
SO198404,160,-41.55,144.58333,29/08/1984 18:29,Soela fish surveys  1980s,
SO198404,161,-41.6,144.43333,29/08/1984 20:50,Soela fish surveys  1980s,
SO198404,162,-41.66667,144.23333,30/08/1984 1:10,Soela fish surveys  1980s,
SO198404,163,-41.01667,143.91667,30/08/1984 8:42,Soela fish surveys  1980s,
SO198404,164,-40.51667,144.1,30/08/1984 12:50,Soela fish surveys  1980s,
SO198404,165,-40.73333,143.65,30/08/1984 16:10,Soela fish surveys  1980s,
SO198404,166,-40.8,143.48333,30/08/1984 21:30,Soela fish surveys  1980s,
SO198404,167,-40.65,143.53333,31/08/1984 9:07,Soela fish surveys  1980s,
SO198404,168,-40.25,144.7,3/09/1984 10:33,Soela fish surveys  1980s,
SO198404,169,-40.26667,146.05,3/09/1984 17:45,Soela fish surveys  1980s,
SO198404,170,-40.91667,146.48333,4/09/1984 7:44,Soela fish surveys  1980s,
SO198404,171,-39.95,148.41667,5/09/1984 3:50,Soela fish surveys  1980s,
SO198404,172,-39.95,148.58333,5/09/1984 5:00,Soela fish surveys  1980s,
SO198404,173,-39.95,148.76667,5/09/1984 7:43,Soela fish surveys  1980s,
SO198404,174,-39.95,149.08333,5/09/1984 10:59,Soela fish surveys  1980s,
SO198404,175,-36.46667,150.28333,6/09/1984 8:20,Soela fish surveys  1980s,
SO198404,176,-35.23333,150.61667,6/09/1984 18:24,Soela fish surveys  1980s,
SO198404,177,-35.26667,150.71667,6/09/1984 19:43,Soela fish surveys  1980s,
SO198404,178,-35.31667,150.8,6/09/1984 21:55,Soela fish surveys  1980s,
SO198404,179,-35.35,150.9,6/09/1984 23:16,Soela fish surveys  1980s,
SO198404,180,-34.06667,151.2,7/09/1984 17:15,Soela fish surveys  1980s,
SO198404,181,-34.06667,151.26667,7/09/1984 18:45,Soela fish surveys  1980s,
SO198404,182,-34.16667,151.48333,7/09/1984 21:30,Soela fish surveys  1980s,
SO198404,183,-34.2,151.58333,8/09/1984 1:24,Soela fish surveys  1980s,
SO198404,184,-34.55,150.93333,8/09/1984 7:30,Soela fish surveys  1980s,
SO198404,185,-34.58333,151.05,8/09/1984 9:20,Soela fish surveys  1980s,
SO198404,186,-34.61667,151.23333,8/09/1984 11:20,Soela fish surveys  1980s,
SO198404,187,-34.58333,152.15,8/09/1984 18:12,Soela fish surveys  1980s,
SO198404,188,-36,150.83333,9/09/1984 8:13,Soela fish surveys  1980s,
SO198404,189,-35.9,150.53333,9/09/1984 10:55,Soela fish surveys  1980s,
SO198404,190,-35.88333,150.4,9/09/1984 13:50,Soela fish surveys  1980s,
SO198404,191,-35.83333,150.26667,9/09/1984 15:03,Soela fish surveys  1980s,
SO198404,192,-36.35,150.16667,9/09/1984 18:20,Soela fish surveys  1980s,
SO198404,193,-36.4,150.33333,9/09/1984 19:45,Soela fish surveys  1980s,
SO198404,194,-36.41667,150.36667,9/09/1984 23:15,Soela fish surveys  1980s,
SO198404,195,-37.3,150.41667,10/09/1984 6:51,Soela fish surveys  1980s,
SO198404,196,-37.21667,150.35,10/09/1984 10:30,Soela fish surveys  1980s,
SO198404,197,-37.15,150.16667,10/09/1984 16:07,Soela fish surveys  1980s,
SO198404,198,-37.08333,149.98333,10/09/1984 18:36,Soela fish surveys  1980s,
SO198404,199,-39.96667,148.65,11/09/1984 14:12,Soela fish surveys  1980s,
SO198404,200,-40.18333,148.61667,11/09/1984 16:15,Soela fish surveys  1980s,
SO198404,201,-40.55,148.61667,11/09/1984 19:00,Soela fish surveys  1980s,
SO198404,202,-40.7,148.43333,12/09/1984 7:40,Soela fish surveys  1980s,
SO198404,203,-40.9,148.53333,12/09/1984 9:30,Soela fish surveys  1980s,
SO198404,204,-42.75,148.63333,12/09/1984 21:27,Soela fish surveys  1980s,
SO198404,205,-42.7,148.36667,13/09/1984 6:30,Soela fish surveys  1980s,
SO198404,206,-42.68333,148.28333,13/09/1984 9:05,Soela fish surveys  1980s,
SO198404,207,-42.66667,148.2,13/09/1984 10:45,Soela fish surveys  1980s,
SO198601,2,-18.03017,147.15267,22/01/1986 15:19,"Exploratory Fishing Project (""Soela"" cruises) 1985-1987",
SO198601,3,-18.16817,147.2455,22/01/1986 20:57,"Exploratory Fishing Project (""Soela"" cruises) 1985-1987",
SO198601,4,-18.433,148.10583,23/01/1986 8:21,"Exploratory Fishing Project (""Soela"" cruises) 1985-1987",
SO198601,5,-20.1085,152.27383,24/01/1986 20:23,"Exploratory Fishing Project (""Soela"" cruises) 1985-1987",
SO198601,6,-20.32383,152.71717,25/01/1986 3:09,"Exploratory Fishing Project (""Soela"" cruises) 1985-1987",
SO198601,10,-26.16717,154.96183,26/01/1986 22:05,"Exploratory Fishing Project (""Soela"" cruises) 1985-1987",
SO198601,11,-27.689,154.963,27/01/1986 9:14,"Exploratory Fishing Project (""Soela"" cruises) 1985-1987",
SO198601,12,-30.02367,155.10917,27/01/1986 22:02,"Exploratory Fishing Project (""Soela"" cruises) 1985-1987",
SO198601,13,-31.3745,154.347,28/01/1986 9:48,"Exploratory Fishing Project (""Soela"" cruises) 1985-1987",
SO198601,14,-32.897,153.212,28/01/1986 21:07,"Exploratory Fishing Project (""Soela"" cruises) 1985-1987",
SO198601,15,-33.77267,152.2685,29/01/1986 7:24,"Exploratory Fishing Project (""Soela"" cruises) 1985-1987",
SO198601,16,-35.82833,150.57567,29/01/1986 21:09,"Exploratory Fishing Project (""Soela"" cruises) 1985-1987",
SO198601,17,-37.983,150.1165,31/01/1986 2:07,"Exploratory Fishing Project (""Soela"" cruises) 1985-1987",
SO198601,19,-38.575,149.60967,31/01/1986 10:07,"Exploratory Fishing Project (""Soela"" cruises) 1985-1987",
SO198601,20,-40.66767,148.81817,1/02/1986 3:02,"Exploratory Fishing Project (""Soela"" cruises) 1985-1987",
SO198601,23,-42.604,148.47933,1/02/1986 20:53,"Exploratory Fishing Project (""Soela"" cruises) 1985-1987",
SO198601,24,-42.68333,148.20133,2/02/1986 0:33,"Exploratory Fishing Project (""Soela"" cruises) 1985-1987",
SO198601,25,-42.68433,148.28533,2/02/1986 1:47,"Exploratory Fishing Project (""Soela"" cruises) 1985-1987",
SO198601,26,-42.70467,148.41833,2/02/1986 3:07,"Exploratory Fishing Project (""Soela"" cruises) 1985-1987",
SO198601,27,-42.73383,148.50283,2/02/1986 4:37,"Exploratory Fishing Project (""Soela"" cruises) 1985-1987",
SO198601,28,-42.76883,148.61167,2/02/1986 6:51,"Exploratory Fishing Project (""Soela"" cruises) 1985-1987",
SO198601,29,-42.8105,148.35333,2/02/1986 9:09,"Exploratory Fishing Project (""Soela"" cruises) 1985-1987",
SO198601,30,-43.17033,147.52133,3/02/1986 9:10,"Exploratory Fishing Project (""Soela"" cruises) 1985-1987",
POE198904,10,-19.265,118.95,14/09/1989 0:00,,
POE198904,11,-19.69833,118.62833,14/09/1989 0:00,,
POE198904,12,-19.74667,118.40833,14/09/1989 0:00,,
POE198904,13,-19.945,118.42167,15/09/1989 0:00,,
POE198904,14,-20.04333,118.265,15/09/1989 0:00,,
POE198904,15,-19.90667,118.19333,15/09/1989 0:00,,
POE198904,16,-20.015,118.07667,15/09/1989 0:00,,
POE198904,17,-19.91333,118.025,15/09/1989 0:00,,
POE198904,18,-19.91167,117.88667,15/09/1989 0:00,,
POE198904,19,-19.945,117.68,15/09/1989 0:00,,
POE198904,20,-20.05333,117.80667,16/09/1989 0:00,,
POE198904,21,-20.12667,117.87167,16/09/1989 0:00,,
POE198904,22,-20.14833,117.90333,16/09/1989 0:00,,
POE198904,23,-20.18833,117.87167,16/09/1989 0:00,,
POE198904,24,-19.71667,117.56667,16/09/1989 0:00,,
POE198904,25,-19.865,117.46667,17/09/1989 0:00,,
POE198904,26,-20.05833,117.21667,17/09/1989 0:00,,
POE198904,27,-20.15,117.05833,17/09/1989 0:00,,
POE198904,28,-20.10167,116.90167,17/09/1989 0:00,,
POE198904,29,-20.11167,116.75,17/09/1989 0:00,,
POE198904,30,-20.31667,117.19833,17/09/1989 0:00,,
POE198904,31,-20.355,117.06833,18/09/1989 0:00,,
POE198904,32,-20.25333,116.75833,18/09/1989 0:00,,
POE198904,33,-19.46667,116.355,18/09/1989 0:00,,
POE198904,34,-19.72333,116.18167,19/09/1989 0:00,,
POE198904,35,-19.86167,116.16167,19/09/1989 0:00,,
POE198904,36,-19.85333,116.405,19/09/1989 0:00,,
POE198904,37,-20.11,116.27,19/09/1989 0:00,,
POE198904,38,-20.14,116.32333,19/09/1989 0:00,,
POE198904,39,-20.17,116.56,20/09/1989 0:00,,
POE198904,40,-20.26833,116.59167,20/09/1989 0:00,,
POE198904,41,-20.30667,116.5,20/09/1989 0:00,,
POE198904,42,-20.42,116.42667,20/09/1989 0:00,,
POE198904,43,-20.465,116.345,20/09/1989 0:00,,
POE198904,44,-20.56667,116.12667,21/09/1989 0:00,,
POE198904,45,-20.45333,116.19833,21/09/1989 0:00,,
POE198904,46,-20.30167,116.2,21/09/1989 0:00,,
POE198904,47,-20.265,116.015,21/09/1989 0:00,,
POE198904,48,-19.21667,117.065,21/09/1989 0:00,,
POE198904,49,-19.31,117.21333,22/09/1989 0:00,,
POE198904,50,-19.35,117.09833,22/09/1989 0:00,,
POE198904,51,-19.4,117.10333,22/09/1989 0:00,,
POE198904,52,-19.42333,117.15,22/09/1989 0:00,,
POE198904,53,-19.31333,117.36833,22/09/1989 0:00,,
POE198904,56,-19.17167,117.91333,23/09/1989 0:00,,
POE198904,57,-19.22333,118.05167,24/09/1989 0:00,,
POE198904,62,-19.09,118.23333,24/09/1989 0:00,,
POE198904,63,-18.95333,118.115,25/09/1989 0:00,,
POE198904,65,-18.95,117.86833,25/09/1989 0:00,,
POE198904,66,-19.66667,117.24833,25/09/1989 0:00,,
POE198904,67,-19.62167,117.15667,26/09/1989 0:00,,
POE198904,69,-19.67333,117.00333,26/09/1989 0:00,,
POE198904,70,-19.86333,117.11,26/09/1989 0:00,,
POE198904,71,-19.815,117.015,26/09/1989 0:00,,
POE198904,76,-19.80167,116.95333,27/09/1989 0:00,,
POE198904,77,-19.70833,116.80667,27/09/1989 0:00,,
POE198904,78,-19.60167,116.75667,27/09/1989 0:00,,
POE198904,80,-20.665,114.80333,27/09/1989 0:00,,
POE198904,81,-20.58,114.81833,28/09/1989 0:00,,
POE198904,82,-20.52,114.855,28/09/1989 0:00,,
POE198904,83,-20.60667,114.89833,28/09/1989 0:00,,
POE198904,84,-20.66667,115.10667,28/09/1989 0:00,,
POE198904,85,-20.765,115.26667,28/09/1989 0:00,,
POE198904,86,-20.60167,115.23,28/09/1989 0:00,,
POE198904,87,-20.15,115.315,29/09/1989 0:00,,
POE198904,89,-20.01667,115.45833,29/09/1989 0:00,,
POE198904,94,-19.96833,115.40333,29/09/1989 0:00,,
POE198904,95,-19.95,115.465,29/09/1989 0:00,,
POE198904,96,-19.95667,115.54833,30/09/1989 0:00,,
POE198904,97,-20.02,115.52167,30/09/1989 0:00,,
POE198904,99,-19.9,115.85333,30/09/1989 0:00,,
POE198904,101,-20.41667,115.97333,30/09/1989 0:00,,
POE198904,102,-20.55333,115.94833,30/09/1989 0:00,,
POE198904,103,-20.71667,115.865,1/10/1989 0:00,,
POE198904,104,-20.62667,115.815,1/10/1989 0:00,,
POE198904,106,-20.44667,115.73667,1/10/1989 0:00,,
POE198904,107,-20.3,116.465,2/10/1989 0:00,,
POE198904,108,-19.16833,116.785,2/10/1989 0:00,,
POE198904,109,-19.245,116.695,3/10/1989 0:00,,
POE198904,110,-19.315,116.80167,3/10/1989 0:00,,
POE198904,111,-19.25667,117.515,3/10/1989 0:00,,
POE198904,112,-18.87,117.6,3/10/1989 0:00,,
POE198904,113,-19.01667,117.575,4/10/1989 0:00,,
POE198904,114,-19.22667,117.615,4/10/1989 0:00,,
POE198904,115,-19.3,117.705,4/10/1989 0:00,,
POE198904,116,-19.31667,117.76667,4/10/1989 0:00,,
POE198904,117,-19.355,117.70333,4/10/1989 0:00,,
POE198904,118,-19.715,118.12,4/10/1989 0:00,,
POE198904,119,-19.55333,117.90333,5/10/1989 0:00,,
POE198904,120,-19.6,117.915,5/10/1989 0:00,,
POE198904,121,-19.46667,118.095,5/10/1989 0:00,,
POE198904,122,-19.31833,118.15,5/10/1989 0:00,,
POE198904,123,-19.45333,118.30833,5/10/1989 0:00,,
POE198904,124,-19.37167,118.31667,6/10/1989 0:00,,
POE198904,125,-19.24833,118.2,6/10/1989 0:00,,
POE198904,126,-19.31667,118.45667,7/10/1989 0:00,,
POE198904,127,-19.065,118.65,7/10/1989 0:00,,
POE198904,128,-18.8,118.65333,7/10/1989 0:00,,
POE198904,129,-18.75167,118.61,7/10/1989 0:00,,
POE198904,134,-18.42667,118.96333,7/10/1989 0:00,,
POE198904,130,-18.81833,118.33667,7/10/1989 0:00,,
POE198904,131,-18.615,118.41667,8/10/1989 0:00,,
POE198904,132,-18.62833,118.56667,8/10/1989 0:00,,
POE198904,133,-18.755,118.715,8/10/1989 0:00,,
POE198904,135,-19.70167,118.64833,9/10/1989 0:00,,
POE198904,136,-19.75,118.41833,9/10/1989 0:00,,
POE198904,137,-19.89833,118.21,9/10/1989 0:00,,
POE198904,138,-19.90833,118.01667,9/10/1989 0:00,,
